,Artist,Title,Album,Year,Date,Lyric
0,Alan Walker,Faded,,2015,"December 3, 2015","Dansk
Ελληνικά
Cymraeg
Українська
Originally an instrumental from August 2014 titled “Fade,” Alan released this updated version in December 2015 under the slightly-altered name “Faded,” with ISELIN providing vocals.
“I’m still just an…
You were the shadow to my light
Did you feel us?
Another star, you fade away
Afraid our aim is out of sight
Wanna see us alight
Where are you now?
Where are you now?
Where are you now?
Was it all in my fantasy?
Where are you now?
Were you only imaginary?
Where are you now?
Atlantis, under the sea, under the sea
Where are you now? Another dream
The monster's running wild inside of me
I'm faded, I'm faded
So lost, I'm faded, I'm faded
So lost, I'm faded
These shallow waters never met what I needed
I'm letting go, a deeper dive
Eternal silence of the sea
I'm breathing, alive
Where are you now?
Where are you now?
Under the bright but faded lights
You set my heart on fire
Where are you now?
Where are you now?
Where are you now?
Atlantis, under the sea, under the sea
Where are you now? Another dream
The monster's running wild inside of me
I'm faded, I'm faded
So lost, I'm faded, I'm faded
So lost, I'm faded"
1,Alan Walker,Darkside,,2018,"July 27, 2018","فارسی
“Darkside” is the second chapter of the World of Walker trilogy. The single, by Norwegian DJ, Alan Walker the sequel to ‘All Falls Down"" and features Au/Ra and Tomine Harket.
The lyrics are about a…
(D-D-Dark side)
We're not in love
We share no stories
Just somethin' in your eyes
Don't be afraid
The shadows know me
Let's leave the world behind
Take me through the night
Fall into the dark side
We don't need the light
We'll live on the dark side
I see it, let's feel it
While we're still young and fearless
Let go of the light
Fall into the dark side
Fall into the dark side
Give in to the dark side
Let go of the light
Fall into the dark side
Beneath the sky
As black as diamonds
We're runnin' out of time (Time, time)
Don't wait for truth
To come and blind us
Let's just believe their lies
Believe it, I see it
I know that you can feel it
No secrets worth keepin'
So fool me like I'm dreamin'
Take me through the night
Fall into the dark side
We don't need the light
We'll live on the dark side
I see it, let's feel it
While we're still young and fearless
Let go of the light
Fall into the dark side
Fall into the dark side
Give in to the dark side
Let go of the light
Fall into the dark side
(D-D-Dark side)
(Dark side)
(Dark side)
(Dark side)
Take me through the night
Fall into the dark side
We don't need the light
We'll live on the dark side
I see it, let's feel it
While we're still young and fearless
Let go of the light
Fall into the dark side"
2,Alan Walker,On My Way,,2019,"March 21, 2019","فارسی
English
“On My Way” was created by DJ Alan Walker to celebrate the first year anniversary of “PUBG Mobile”, teaming up with Sabrina Carpenter and Latin artist Farruko. On March 21, players were able to hear the song…
I'm sorry but, don't wanna talk
I need a moment before I go, it's nothing personal
I draw the blinds, they don't need to see me cry
'Cause even if they understand, they don't understand
So then, when I'm finished
I'm all 'bout my business and ready to save the world
I'm taking my misery, make it my bitch
Can't be everyone's favorite girl
So take aim and fire away
I've never been so wide awake
No, nobody but me can keep me safe
And I'm on my way
The blood moon is on the rise
The fire burning in my eyes
No, nobody but me can keep me safe
And I'm on my way
Blep, yah, yah
Farru
Yah-yah-yah-yah
Lo siento mucho (Farru), pero me voy (Eh)
Porque a tu lado me di cuenta que nada soy (Eh-ey)
Y me cansé de luchar y de guerrear en vano
De estar en la línea de fuego y de meter la mano
Acepto mis errores, también soy humano
Y tú no ves que lo hago porque te amo (Pu-pu-pu-pum)
Pero ya (Ya), no tengo más na' que hacer aquí (Aquí)
Me voy, llegó la hora 'e partir (Partir)
De mi propio camino, seguiré lejos de ti
So take aim and fire away
I've never been so wide awake
No, nobody but me can keep me safe
And I'm on my way
The blood moon is on the rise (Is on the rise, na-na)
The fire burning in my eyes (The fire burning in my eyes, no)
No, nobody but me can keep me safe
And I'm on my way
Blep
I'm on my way
Everybody, everybody keep me safe
Everybody, everybody keep me safe
Everybody, everybody keep me safe
Everybody, everybody keep me safe
Everybody, everybody on my way
So take aim and fire away
I've never been so wide awake
No, nobody but me can keep me safe
And I'm on my way
The blood moon is on the rise
The fire burning in my eyes
No, nobody but me can keep me safe
And I'm on my way"
3,Alan Walker,Diamond Heart,,2018,"September 28, 2018","فارسی
“Diamond Heart” is the third and final chapter of the World of Walker trilogy, with “All Falls Down” being the first chapter and “Darkside” being the second. The single is by Norwegian DJ and music producer…
Hello, sweet grief
I know you'll be the death of me
Feel like the mornin' after ecstasy
I am drownin' in an endless sea
Hello, old friend
Here's the misery that knows no end
So I'm doin' everything I can
To make sure I never love again
I wish that I did not know
Where all broken lovers go
I wish that my heart was made of stone
Yeah, if I was bulletproof (Yeah)
I'd love you black and blue (Blue)
If I was solid like a jewel
If I had a diamond heart, oh-oh
I'd give you all my love
If I was unbreakable
If I had a diamond heart, oh-oh
You could shoot me with a gun of gold
If I was unbreakable
I'd walk straight through the bullet, bendin' like a tulip
Blue-eyed and foolish
, never mind the bruises
Into the fire, breakin' through the wires
Give you all I've got (If I had a diamond heart)
I'd walk straight through the dagger, never break the pattern
Diamonds don't shatter, beautiful and battered
Into the poison, cry you an ocean
Give you all I've got
Goodbye, so long
I don't know if this is right or wrong
Am I givin' up where I belong?
'Cause every station's playin' our song
Goodbye, my love
You are everything my dreams made up
You'll be Prince and I'm the cryin' dove
If I only were unbreakable (Hey)
I wish that I did not know (Ooh)
Where all broken lovers go (Ooh)
I wish that my heart was made of stone
(I wish that my heart was made of stone)
Yeah, if I was bulletproof
I'd love you black and blue
If I was solid like a jewel
If I had a diamond heart, oh-oh
I'd give you all my love
If I was unbreakable
If I had a diamond heart, oh-oh
You could shoot me with a gun of gold
If I was unbreakable
I'd walk straight through the bullet, bendin' like a tulip
Blue-eyed and foolish, never mind the bruises
Into the fire, breakin' through the wires
Give you all I've got (If I had a diamond heart)
I'd walk straight through the dagger, never break the pattern
Diamonds don't shatter, beautiful and battered
Into the poison, cry you an ocean
Give you all I've got
La-la-la-la-la, la-la-la-la-la-la
La-la-la-la-la-la, la-la-la-la-la
La-la-la-la-la, la-la-la-la-la-la
I'd give you all my love (I'd give you)
If I was unbreakable
La-la-la-la-la, la-la-la-la-la-la
You could shoot me with a gun of gold (You could shoot me)
If I was unbreakable
I'd walk straight through the bullet
Bendin' like a tulip, blue-eyed and foolish
Never mind the bruises
Into the fire, breakin' through the wires
Give you all I got (If I had a diamond heart)
I'd walk straight through the dagger, never break the pattern
Diamonds don't shatter, beautiful and battered
Into the poison, cry you an ocean
Give you all I've got"
4,Alan Walker,"Alone, Pt. II",,2019,"December 27, 2019","“Alone, Pt. II” has Alan Walker teaming up with Ava Max for a follow-up version of Alan’s previous hit “Alone.”
We were young, posters on the wall
Praying we're the ones that the teacher wouldn't call
We would stare at each other
'Cause we were always in trouble
And all the cool kids did their own thing
I was on the outside always looking in
Yeah, I was there but I wasn't
They never really cared if I wasn't
We all need that someone who gets you like no one else
Right when you need it the most
We all need a soul to rely on, a shoulder to cry on
A friend through the highs and the lows
I'm not gonna make it a-la, la-la-la-la-la, la, la-la-la-la-la, 'lone
I'm not gonna make it a-la, la-la-la-la-la, la, la-la-la-la-la, 'lone
Then I saw your face, your forgiving eyes
Looking back at me from the other side
Like you understood me
And I'm never letting you go, oh
We all need that someone who gets you like no one else
Right when you need it the most
We all need a soul to rely on, a shoulder to cry on
A friend through the highs and the lows
I'm not gonna make it a-la, la-la-la-la-la, la, la-la-la-la-la, 'lone
I'm not gonna make it a-la, la-la-la-la-la, la, la-la-la-la-la, 'lone
I'm not gonna make it a-la, la-la-la-la-la, la, la-la-la-la-la, 'lone
I'm not gonna make it a-la, la-la-la-la-la, la, la-la-la-la-la, 'lone
I'm not gonna make it alone (La, la-la-la-la-la, 'lone)
I'm not gonna make it a-la, la-la-la-la-la, la, la-la-la-la-la, 'lone
'Cause you are that someone that gets me like no one else
Right when I need it the most
And I'll be the one you rely on, a shoulder to cry on
A friend through the highs and the lows
I'm not gonna make it a-la, la-la-la-la-la, la, la-la-la-la-la, 'lone ('Lone)
I'm not gonna make it a-la, la-la-la-la-la, la, la-la-la-la-la, 'lone (No, woah)
I'm not gonna make it a-la, la-la-la-la-la, la, la-la-la-la-la, 'lone (It alone, 'lone, 'lone)
I'm not gonna make it a-la, la-la-la-la-la, la, la-la-la-la-la, 'lone (No, no, no, no)
I'm not gonna make it alone"
5,Alan Walker,All Falls Down,,2017,"October 27, 2017","“All Falls Down” is a single from Norwegian record producer and DJ Alan Walker, featuring American singer Noah Cyrus and British DJ Digital Farm Animals. It was first teased on social media with various of…
What's the trick? I wish I knew
I'm so done with thinking through
All the things I could've been
And I know you wonder too
All it takes is that one look you do
And I run right back to you
You crossed the line and it's time to say ""F you""
What's the point in saying that
When you know how I'll react?
You think you can just take it back
But shit just don't work like that
You're the drug that I'm addicted to and I want you so bad
Guess I'm stuck with you, and that's that
'Cause when it all falls down, then whatever
When it don't work out for the better
If it just ain't right, and it's time to say goodbye
When it all falls down, when it all falls down
I'll be fine
I'll be fine
You're the drug that I'm addicted to and I want you so bad
But I'll be fine
[Verse 2: Juliander &
Noah Cyrus
Why we fight? I don't know
We say what hurts the most
Oh, I try
staying cold, but you take it personal
All these firing shots and making ground
It's way too hard to cope
, but I still
can't let you go
'Cause when it all falls down, then whatever
When it don't work out for the better
If it just ain't right, and it's time to say goodbye
When it all falls down, when it all falls down
I'll be fine
I'll be fine
You're the drug that I'm addicted to and I want you so bad
But I'll be fine
I'll be fine-ine-fine, fine-ine-ine (All falls down, falling down)
I'll be fine-ine-fine, fine-ine-ine (All falls down)
I'll be fine-ine-fine, fine-ine-ine (All falls down, falling down)
I'll be fine-ine-fine, fine (All falls down)
[Chorus: Noah Cyrus & Juliander,
Noah Cyrus
Juliander
'Cause when it all falls down, then whatever (
Then whatever, babe
When it don't work out for the better (
For the better
If it just ain't right, and it's time to say goodbye
When it all falls down (
When it all, when it all
When it all falls down (
When it all falls down
I'll be fine (
Fine, fine, fine
I'll be fine (
I'll be fine
You're the drug that I'm addicted to and I want you so bad
But I'll be fine (
I'll be fine
), and that's that"
6,Alan Walker,Alone,,2016,"December 2, 2016","A single by Alan Walker featuring vocals by Noonie Bao.
Lost in your mind
I wanna know
Am I losing my mind?
Never let me go
If this night is not forever
At least we are together
I know I'm not alone
I know I'm not alone
Anywhere, whenever
Apart, but still together
I know I'm not alone
I know I'm not alone
I know I'm not alone
I know I'm not alone
Unconscious mind
I'm wide awake
Wanna feel one last time
Take my pain away
If this night is not forever
At least we are together
I know I'm not alone
I know I'm not alone
Anywhere, whenever
Apart, but still together
I know I'm not alone
I know I'm not alone
I know I'm not alone
I know I'm not alone
I'm not alone, I'm not alone, I'm not alone
I know I'm not alone
I'm not alone, I'm not alone, I'm not alone
I know I'm not alone"
7,Alan Walker,Tired,,2017,"May 19, 2017","I see those tears in your eyes
I feel so helpless inside
Oh love, there's no need to hide
Just let me love you when your heart is tired
Cold hands, red eyes
Packed two bags at midnight
They've been there for weeks
You don't know what goodbye means
Just roll up a cigarette
Just forget about this mess
I'm waiting on the sidelines
From the sidelines
I see those tears in your eyes
And I feel so helpless inside
Oh love, there's no need to hide
Just let me love you when your heart is tired
If your ghost pulls you apart
And it feels like you've lost who you are
My love, there's no need to hide
Just let me love you when your heart is tired
Just let me love you when your heart is tired
When you whisper, I'm alright
But I see through your white lies
But these walls don’t talk
And if they could, they’d say
Can't hide the secrets
You can't forget about this mess
I'm waiting on the sidelines
From the sidelines
I see those tears in your eyes
And I feel so helpless inside
Oh love, there's no need to hide
Just let me love you when your heart is tired
If your ghost pulls you apart
And it feels like you've lost who you are
My love, there's no need to hide
Just let me love you when your heart is tired
Just let me love you when your heart is tired
I know those tears in your eyes
And I feel so helpless inside
My love, there's no need to hide
Just let me love you when your heart is tired"
8,Alan Walker,Sing Me to Sleep,,2016,"June 2, 2016","Dansk
Wait a second, let me catch my breath
Remind me how it feels to hear your voice
Your lips are movin', I can't hear a thing
Livin' life as if we had a choice
Anywhere, anytime
I would do anything for you
Anything for you
Yesterday got away
Melodies stuck inside your head
A song in every breath
Sing me to sleep now
Sing me to sleep
Won't you sing me to sleep now?
Sing me to sleep
Remember me now, time cannot erase
I can hear your whispers in my mind
I've become what you cannot embrace
Our memory will be my lullaby
Sing me to sleep now
Sing me to sleep
Oh, won't you sing me to sleep now?
Sing me to sleep
A-anytime
I would do do do do
Time away
Yesterday-day
A-anytime
I would do do do do
Time away
Yesterday-day-ay-ay-ay"
9,Alan Walker,The Spectre,,2017,"September 15, 2017","Dansk
“The Spectre” is a remastered vocal version of Walker’s earlier track, “Spectre”. It was revealed at Walker’s concert “Alan Walker is Heading Home” in Bergen, Norway, on December 21 and 22.
Alan Walker said…
Hello, hello, can you hear me as I scream your name?
Hello, hello, do you need me before I fade away?
Is this the place that I call home
To find what I've become?
Walk along the path unknown
We live, we love, we lie
Deep in the dark I don't need the light
There's a ghost inside me
It all belongs to the other side
We live, we love, we lie
(We live, we love, we lie)
Hello, hello, nice to meet you, voice inside my head
Hello, hello, I believe you, how can I forget?
Is this the place that I call home
To find what I've become?
Walk along the path unknown
We live, we love, we lie
Deep in the dark, I don't need the light
There's a ghost inside me
It all belongs to the other side
We live, we love, we lie (We live, we love, we lie)
We live, we love, we lie"
10,Alan Walker,Lost Control,,2018,"December 14, 2018","“Lost Control” is the second track by producer and artist Alan Walker off of his debut album Different World, and features Sorana as a vocalist.
Mm, yeah
Mirrors, they never lie
Don't see myself inside
Why can't I get it right?
I don't know
You're always watching me fall
Shadows, they like my wall
Why do I feel so small?
I don't know
So I walk into the dead of night
Where my monsters like to hide
Chaos feels so good inside
Now I know
I lost, I lost, I lost control again
Always do the same and not to blame, I lost control again
I don't, I don't, I don't know who I am
Always do the same and not to blame, I lost control again
Ooh
Tired of being afraid
But lately, I lost my faith
What is love without pain?
It ain't home
You're watching me, but I'm below
When I get caught, I hope
This is kind of like how they will
Take me home
So I walk into the dead of night
Where my monsters like to hide
Chaos feels so good inside
Now I know
I lost, I lost, I lost control again
Always do the same and not to blame, I lost control again
I don't, I don't, I don't know who I am
Always do the same and not to blame, I lost control again
I know that I'm a mess
But I ain't trying to be the best
Oh, whatever's coming next
I better pray-ay-ay-ay
Never said I was an angel
I am damaged all the way
So whatever's coming next
I better pray-ay-ay-ay
I lost, I lost, I lost control again
Always do the same and not to blame, I lost control again
I don't, I don't, I don't know who I am
Always do the same and not to blame, I lost control again"
11,Alan Walker,Different World,,2018,"November 30, 2018","“Different World” is a promo and final single by EDM producer Alan Walker from his debut album Different World.
Through this song, Alan Walker addresses the environmental issues our world is facing and wants…
All we know
Left untold
Beaten by a broken dream
Nothing like what it used to be (Used to be)
We've been chasing our demons down an empty road
Been watching our castle turning into dust
Escaping our shadows just to end up here
Once more
And we both know
This is not the world we had in mind
But we got time
We are stuck on answers we can't find
But we got time
And even though we might have lost tonight
The skyline reminds us of a different time
This is not the world we had in mind
But we got time
Broken smile, tired eyes
I can feel your longing heart
Call my name, howling from afar
We've been fighting our demons just to stay afloat
Been building a castle just to watch it fall
Been running forever just to end up here
Once more
And now we know
This is not the world we had in mind
But we got time
We are stuck on answers we can't find
But we got time
And even though we might have lost tonight
The skyline reminds us of a different time
This is not the world we had in mind
But we got time
Take me back
Back to the mountainside
Under the Northern Lights
Chasing the stars
Take me back
Back to the mountainside
When we were full of life
Back to the start
And we both know that
This is not the world we had in mind
But we got time
We are stuck on answers we can't find
But we  got time
And even though we might have lost tonight
The skyline reminds us of a different time
This is not the world we had in mind
But we got time"
12,Alan Walker,Lily,,2018,"December 14, 2018","فارسی
“Lily” is the fourth track in the “Different World” album produced by Norwegian music producer Alan Walker and K-391. It features Emelie Hollow as the vocalist for this song.
Lily was a little girl
Afraid of the big, wide world
She grew up within her castle walls
Now and then, she tried to run
And then on a night with the settin' sun
She went in the woods away
So afraid, all alone
They've warned her, don't go there
There's creatures who are hidin' in the dark
Then somethin' came creepin'
It told her, ""Don't you worry, just
Follow everywhere I go
Top of all the mountains or valley low
Give you everything you've been dreamin' of
Just let me in, ooh
Everything you want in gold
I'll be the magic story you've been told
And you'll be safe under my control
Just let me in, ooh""
Just let me in, ooh
She knew she was hypnotized
And walking on cold, thin ice
Then it broke and she awoke again
Then she ran faster and
Start screamin', ""Is there someone out there?
Please help me, come get me""
Behind her, she can hear it say
""Follow everywhere I go
Top of all the mountains or valley low
Give you everything you've been dreamin' of
Just let me in, ooh
Everything you want in gold
I'll be the magic story you've been told
And you'll be safe under my control
Just let me in, ooh""
Just let me in, ooh
Ooh
""Everything you want in gold (Ooh)
I'll be the magic story you've been told
And you'll be safe under my control
Just let me in, ooh""
""Follow everywhere I go
Top of all the mountains or valley low
Give you everything you've been dreamin' of
Just let me in, ooh""
Then she ran faster and
Start screamin', ""Is there someone out there?
Please help me""
""Just let me in, ooh"""
13,Alan Walker,Live Fast (PUBGM),,2019,"July 25, 2019","“Live Fast” is the first collaboration between A$AP Rocky and Alan Walker. The song describes living in the moment and giving your all in a similar fashion to the necessary performance in battle royale games.…
Live fast for the moment
Keep burning on both ends
I gotta get out 'fore I die, out ’fore I die‚ get out 'fore I die
Blacked out in the morning
Too high‚ never cave in
I gotta get out 'fore I die‚ out ’fore I die, get out 'fore I die
Burning like a candle, both ends dripping spills loose
Ends burn heads‚ burning end bridges
Better use the stairs till your legs hurting
Running for the hills, I'm on their heels, keep their heads turning
Consider it a fair warning
My partners steady moving like it's feds on us‚ uh-uh
Probably 'cause you assuming that its meds on us, uh-uh
Kick big shit I need leg warmers chug water all love
Blood is thicker than the dreads on us (Whoa)
Now I remember that when I'm in my bag
It ain't where you from, it's where you’re at
Where them niggas at?
Time to toe tag, yeah, body bag, yeah
Karate chop the shit in half till they find my match (Fight)
Till they find me laying dead on my back
This could be my last year
Putting up a fight until I collapse
2013 I went wild for night
In 2019 I’m getting out 'fore I die
Live fast for the moment
Keep burning on both ends
I gotta get out ’fore I die, out 'fore I die, get out 'fore I die
Blacked out in the morning
Too high, never cave in
I gotta get out 'fore I die, out ’fore I die, get out 'fore I die
Oh, I gotta get out 'fore I die
Oh, I gotta get out 'fore I die
When you started from the bottom go top forward, yeah
Name like saliva whole mouth full of it, yeah
Chasing for the clout go all out for it
Till they pull up with the toasters like a house warming, yeah
I just need my piece please, like a Reese's butter cup
Is you a punk or a power puff, huh? Toughen up
Bunk my species time to feces
Then repeat rock my CC Chanel
Just popped a CC now I'm up
When it's time for me
Show me empathy
When it ends for me
Would you fend for me?
When it's time for me
Show me empathy
When it ends for me
Would you fend for me?
Live fast for the moment
Keep burning on both ends
I gotta get out 'fore I die, out 'fore I die, get out 'fore I die
Blacked out in the morning
Too high, never cave in
I gotta get out 'fore I die, out 'fore I die, get out 'fore I die
It ain't where you from, it's where you at
Oh, I gotta get out 'fore I die"
14,Alan Walker,Who I Am,,2024,"January 4, 2024","Don't say this, don't say that
I'm not playin' by the rules
If they were made by you
I won't break just like that
I'll make my own mistakes
'Til I'm wrong in all the right ways
Save all your tears
You don't wanna waste them on me
I'm not gonna be just like them
This is just the way that I am
Head in the clouds
I do not fit in to the crowd
Baby, it's all makin' perfect sense
'Cause this is who I am
Who I am
Don't say this, don't say that
I'm not playin' by the rules
If they were made by you
I won't break just like that
I'll make my own mistakes
'Til I'm wrong in all the right ways
[Chorus: Putri Ariani,
Peder Elias & Putri Ariani
Save all your tears
You don't wanna waste them on me
I'm not gonna be just like them
This is just the way that I am
Head in the clouds
I do not fit in to the crowd
Baby, it's all makin' perfect sense
'Cause this is who I am
Who I am
If only I was wide awake
There's more than I can take
And when you dive into the blue
I'll be right next to you
I never wanna miss a thing
We fall in love again
You know I may hold on to June
'Cause all that you go through
I'm with you
[Outro: Putri Ariani,
Peder Elias & Putri Ariani
Peder Elias
Eh-eh-eh-eh-eh-eh-eh
Eh-eh-eh-eh-eh-eh-eh
Eh-eh-eh-eh-eh-eh-eh
'Cause all that you go through, I'm—
Eh-eh-eh-eh-eh-eh-eh (With you)
Eh-eh-eh-eh-eh-eh-eh (
Oh, woah
Eh-eh-eh-eh-eh-eh-eh
'Cause all that you go through
I'm with you"
15,Alan Walker,Lily (OG),,2020,"January 12, 2020","Lily was a little girl
Afraid of the big, wide world
She grew up within her castle walls
Now and then she tried to run
And then on the night with the setting sun
She went in the woods away
So afraid, all alone
They warned her, don't go there
There's creatures who are
Hiding in the dark
Then something came creeping
It told her
Don't you worry, just
Follow everywhere I go
Top over the mountains or valley low
Give you everything you've been dreaming of
Just let me in, ooh
Everything you wantin' gonna be the
Magic story you've been told
And you'll be safe under my control
Just let me in, ooh
She knew she was hypnotized
And walking on cold thin ice
Then it broke, and she awoke again
Then she ran faster than
Start screaming, ""Is there someone out there?""
Please help me, come get me
Behind her, she can hear it say
Follow everywhere I go
Top over the mountains or valley low
Give you everything you've been dreaming of
Just let me in, ooh
Everything you wantin' gonna be the
Magic story you've been told
And you'll be safe under my control
Just let me in, ooh
Just let me in, ooh
Ooh
Everything you wantin' gonna be the
Magic story you've been told
And you'll be safe under my control
Just let me in, ooh
Follow everywhere I go
Top over the mountains or valley low
Give you everything you've been dreaming of
Just let me in, ooh
Then she ran faster and
Start screaming, is there someone out there?
Please help me
Just let me in, ooh"
16,Alan Walker,On My Way (Solo Version),,2019,"March 21, 2019","I'm sorry but, don't wanna talk
I need a moment 'fore I go
It's nothin' personal
I draw the blinds, they don't need to see me cry
'Cause even if they understand, they don't understand
So, then, when I'm finished
I'm all 'bout my business and ready to save the world
I'm takin' my misery, make it my bitch
Can't be everyone's favourite girl
So, take aim and fire away
I've never been so wide awake
No, nobody but me can keep me safe
And I'm on my way
The blood moon is on the rise
The fire burning in my eyes
No, nobody but me can keep me safe
And I'm on my way
Don't hang up
I wanna talk a little more before I go
It's hard to say it though
I close my eyes, knowin' it'll be alright (Knowin' it'll be alright)
But even if they understand
They can't hold my hand, no
So, now it's official
If we got some issues
The feelings, they make it hurt
Don't wanna listen to someone like this
Well, then I need a better world
So, take aim and fire away
I've never been so wide awake
No, nobody but me can keep me safe
And I'm on my way
The blood moon is on the rise (Is on the rise, na-na)
The fire  burning in my eyes (The fire burning in my eyes, no)
No, nobody but me can keep me safe
And I'm on my way
I'm on my way
Everybody, everybody keep me safe
Everybody, everybody keep me safe
Everybody, everybody keep me safe
Everybody, everybody keep me safe
Everybody, everybody on my way
So, take aim and fire away
I've never been so wide awake
No, nobody but me can keep me safe
And I'm on my way
The blood moon is on the rise
The fire burning in my eyes
No, nobody but me can keep me safe
And I'm on my way"
17,Alan Walker,Fake a Smile,,2021,"February 19, 2021","You and I up all night
Nothing's wrong, nothing's right
I swear these walls are upside down
I swear the roof is on the ground
Demons don't sleep at night
Oh, oh, oh
I try to turn off my mind
Say I'm doing just fine
But I'm screaming inside like (Oh)
Say these words on repeat
While I'm tryin' to breathe
Now you're counting on me
So I fake a smile
But I know you know me too well
But it's alright
You're like heaven when I'm in hell
You were their heavy heart
Tasted light but fed the dark
I'm waiting for them all to see
I don't deserve your company
To love myself is way too hard
Oh, oh, oh
I try to turn off my mind
Say I'm doing just fine
But I'm screaming inside like (Oh)
Say these words on repeat
While I'm tryin' to breathe
Now you're counting on me
So I fake a smile
But I know you know me too well
But it's alright
You're like heaven when I'm in hell
No sleep, no sleep
It's alright, it's alright
No sleep, no sleep
So I fake a smile
But I know you know me too well
But it's alright
You're like heaven when I'm in hell
So I fake a smile
But I know you know me too well
But it's alright
You're like heaven when I'm in hell
So I fake a smile
But I know you know me too well
But it's alright
You're like heaven when I'm in hell"
18,Alan Walker,Fire!,,2023,"December 14, 2023","Set my heart on fire
Pour gasoline all over my desire
When I go up in flames, I'm burning bright
I'll tell you it's too late to apologize
You burnt that bridge
A million times, a million tries
You play with fire
Every time we touch, my fingers burn
I just want that love, don't leave me hurt
I can feel the rush when we ignite
'Cause every time we touch
Every time we touch, I feel that fire
You know sparks gon' fly
Every time you look into my eyes
All it takes is one small match to light
'Cause once we feel the flame, we'll never die
You burnt that bridge
A million times, a million tries
You play with fire
[Chorus: JVKE & YUQI,
YUQI
Every time we touch, my fingers burn (
Every time we touch
I just want that love, don't leave me hurt
I can feel the rush when we ignite
'Cause every time we touch
Every time we touch, I feel that fire
[Drop: JVKE &
YUQI
Oh-oh
That love, don't leave me hurt
Every time we touch, my fingers burn
I just want that love, don't leave me hurt
I can feel the rush when we ignite
'Cause every time we touch
Every time we touch, I feel that fire"
19,Alan Walker,Heading Home,,2020,"April 1, 2020","“Heading Home” premiered at Walker’s live performance at the Winter X Games in Oslo on February 27, 2016. The acoustic/live version of this song was performed with Norwegian singer Marius Samuelsen at…
I was so insatiable
'Til the lights came on and the stories got old
Now there's no one here, I know
And the city outside's not the same anymore
And I, I remember when we were young
We'd write our names in the sand
So carelessly
Then the rain came and yours was gone
And now mine it stands alone
Nobody sees me, now I'm a one man show
I'll do this on my own
We knew it all then now this is all I know
Guess I'm heading home now
Guess I'm heading home now
Guess I'm heading home now
When the music always played
With the sound of our lives and the sweetest escape
And the neighbors would complain
We would turn it up louder, who cares anyway?
'Cause we, we remembered that we were young
Our lives, were grains in the sand
That we, made our castles and kingdoms of
Now the waves have torn them down
Nobody sees me, now I'm a one man show
Guess I'm heading home now
Guess I'm heading home now
You’ll find me
I’ll be here
I can't see
I can’t breathe, anymore
But how could we have stayed?
You were high on love, I was drunk
Drunk on the pain
Guess I'm heading, I'm heading, I'm heading
I'm heading home
Guess I'm heading home now"
20,Alan Walker,I Don’t Wanna Go,,2018,"December 14, 2018","“I Don’t Wanna Go” is the third track off of Alan Walker’s debut album Different World and has Julie Bergan as the vocalist. It has a reggae-electronic vibe to it.
So here we are
Like we were
Two feet apart
In different worlds
No need to say
Another word
Know I should leave
But I don’t wanna go just yet
'Cause I'm not really over it
You remind my heart
Of a lie I wish you never told
But it's all I've got
Just five more minutes and I'll go
Same old song like an echo, ooh
'Cause I know I'm better off alone
It is my pride and I really know I shouldn't stay but I don't wanna go
Now that I know the way it ends
The words we chose, irrelevant
Let's just pretend a little bit
I know I should leave but
I don't wanna go just yet
'Cause I'm not really over it
You remind my heart (You remind my heart)
Of a lie I wish you never told
But it's all I've got (All I've got)
Just five more minutes and I'll go
(Five more minutes and I'll go)
Same old song like an echo, ooh
'Cause I know I'm better off alone (Better off alone)
It is my pride and I really know I shouldn't stay but I don't wanna go
(Ooh, ooh)
Just five more minutes and I'll go
(Five more minutes and I'll go) (Ooh, ooh, ooh)
Shouldn't stay but I don't wanna go
Same old song like an echo (Ooh, ooh, ooh)
(I'm better off alone)
It is my pride and I really know I shouldn't stay but I don't wanna go"
21,Alan Walker,Tired (Kygo Remix),,2017,"July 14, 2017","Cold hands, red eyes
Packed your bags at midnight
They've been there for weeks
I don't know what came by me
Just roll up a cigarette
Just forget about this mess
Been waiting on the sidelines
From the sidelines
I see those tears in your eyes
And I feel so helpless inside
Oh love, there's no need to hide
Just let me love you when your heart is tired
If your ghost pulls you apart
And it feels like you've lost who you are
My love, there's no need to hide
Just let me love you when your heart is tired
Just let me love you when your heart is tired
Just let me love you when your heart is tired
When you whisper, I'm alright
But I see through your white lies
But these walls don’t talk
And if they could, they’d say
Can't hide the secrets
You can't forget about this mess
I'm waiting on the sidelines
From the sidelines
I see those tears in your eyes
And I feel so helpless inside
Oh love, there's no need to hide
Just let me love you when your heart is tired
If your ghost pulls you apart
And it feels like you've lost who you are
My love, there's no need to hide
Just let me love you when your heart is tired
Just let me love you when your heart is tired
I know right now, you feel alone
And all the good things, they hurt the most
But it's a long way done, yeah it's a long way down
I see those tears in your eyes
And I feel so helpless inside
Oh love, there's no need to hide
Just let me love you when your heart is tired
Just let me love you when your heart is tired"
22,Alan Walker,Hero,,2023,"May 5, 2023","Been here before, it's in my muscle memory
I’m pretty sure I recognize you
There is somethin' in your eyes
Won't let you get away tonight
You leave me in the dark
I’m stumblin' around like I'm a question mark
Wonderin' if you're around to catch me if I fall
If I come crashin' to the wall
Will you light me up, jump-start my heart?
I need someone before the sun goes down
Who's gonna save me now?
Some kind of hero
I can't breathe
Hopin’ you’re here to rescue me
Before the sun goes down
Who's gonna save me now?
Some kind of hero
Been here before, it’s in my muscle memory
I'm pretty sure I've felt this energy
There's somethin’ in your touch
Somethin' reminded me of us
Will you light me up, jump-start my heart?
I need someone before the sun goes down
Who's gonna save me now?
Some kind of hero
I can't breathe
Hopin' you're here to rescue me
Before the sun goes down
Who's gonna save me now?
Some kind of hero
Some kind of hero
(Da, da, da, da-da, da-da)
(Da, da, da, da-da, da-da)
(Da-da, da-da)
(Da-da, da-da, da-da)"
23,Alan Walker,Team Side,,2024,"March 19, 2024","RCB, RCB, RCB, RCB
RCB, RCB, RCB, RCB
RCB, RCB
Today's the day, prepared for the challenge
Been waitin' so long, together we're stronger, aim for the goal
Get ready to fight, we never give up, no
Been waitin' so long, together we're stronger than ever before
ನಾವು ಬೀಳಲ್ಲ, ತಲೆ ಬಾಜಿಸಲ್ಲ ಮುನ್ನುಗ್ಗಿ ಆಡ್ತೀವಿ
ಜೊತೆಯಾಗಿ ನಾವು ಸೇರಿ, ಕೊನೆವರೆಗೂ ಹೊರಡ್ತೀವಿ
ನಾವು ಸೋಲಲ್ಲ, ಹಿಂದೆ ಸರಿಯಲ್ಲ ಎದೆ ತಟ್ಟಿ ನಿಳ್ತೀವಿ
ಇದು ರೆಡ್ ಅಂಡ್ ಗೋಲ್ಡ್ ಆಗುತ್ತಾರೆ ಬೋಲ್ಡ್ ನಮ ಎದುರಿಗೆ ನಿಂತರೆ
'Cause now it's game on, ay, ay, ay
They're never gonna break us down
If it all comes crashin' down tonight
I'll meet you on the other side
'Cause now it's game on, ay, ay, ay
They're nеver gonna take our crown
If it all comes crashin' down tonight
My tеam's already by my side
RCB
RCB
Just close your eyes, lose track of the others
Burnin' desire can't beat the fire, we are who we are
We'll give them a night, a night to remember, yeah
Count all of the stars that's shining for us, we are who we are
गिरेंगे नहीं, झुकेंगे नही, चलो अब हम खेलेंगे
साथ मिलकर, रात भर हम लड़ेंगे जान से
हारेंगे नही, डरेंगे नही, सपना है अब बस एक
साथ मिलकर, रात भर हम लड़ेंगे जान से
'Cause now it's game on, ay, ay, ay
They're never gonna break us down
If it all comes crashin' down tonight
I'll meet you on the other side
'Cause now it's game on, ay, ay, ay
They're never gonna take our crown
If it all comes crashin' down tonight
My team's already by my side
RCB
(Yeah, yeah, yeah, ooh)
(Ooh)
RCB"
24,Alan Walker,Not You,,2021,"November 26, 2021","Tiếng Việt
Bahasa Melayu
In my life, in my mind
Where I make up stories all the time
And I pretend that I am not someone
Left to face the world alone
Lately I'm not the same
I've found a stranger calling out my name
Have a feeling you would be so proud
And he's gon' need me now
But he's not you
He's not you
He will never be you
Photobook with my mistakes
Promises that we never got to make
All the things I wanna talk about
Hard to say it to myself
Wintertime, once again
In the snow I can see just where I've been
How far I've made it in the world so cold
Where I have everything
But he's not you
He's not you
He will never be you
But he's not you
He's not you
He will never be you
(You, you, you)"
25,Alan Walker,Man On The Moon,,2021,"November 26, 2021","What happens in dreams where we fly?
Never been as high as tonight
Staring through a window in time
For someone to show me what I'm like
He said, ""Hello"", it's like a mirror in the sky
And I can see us from up high
Oh boy, we're looking good tonight
And I just don't understand
I met the man on the moon
On the moon, I heard him saying
I met the man on the moon
On the moon, we'll be okay, yeah
I met the man on the moon
On the moon, I heard him saying
I met the man on the moon
On the moon, we'll be okay, yeah
He said, ""Hello"", it's like a mirror in the sky
And I can see us from up high
Oh boy, we're looking good tonight
And I just don't understand
I met the man on the moon
On the moon, I heard him saying
I met the man on the moon
On the moon, we'll be okay, yeah
I met the man on the moon
On the moon, I heard him saying
I met the man on the moon
On the moon, we'll be okay, yeah
I met the man on the moon, he wore his hat to the side
I met the man on the moon, he asked if I had a light
He told us to hold it together when falling apart
He told us to light up the world when we dream in the dark
I met the man on the moon (I met the man on the moon)
On the moon, I heard him saying (I met the man)
I met the man on the moon
On the moon, we'll be okay, yeah
Lost, all my tears are turning to dust
Maybe somebody is calling us
(Man)
Man on the moon, yeah
Just the man on the moon"
26,Alan Walker,Lonely,,2018,"December 14, 2018","“Lonely” is the fifth track off of Alan Walker’s debut album Different World and is co-produced by Steve Aoki and features vocals by Isak & Omar Noir.
She my favorite sad song
She made me cry in the dancehall, an idea
The lady moving like gun smoke
Got that voodoo, I'm done for, talk to me
Now my life is on the line
'Cause she's my stranger fi di crimes, yeah, yeah
If you ready for the ride
Just know it's cold like bag of ice
That's why me say
Are you lonely? Are you lonely? Are you lonely?
I'll stand by you, I'll stand by you
Are you lonely? Are you lonely? Are you lonely?
I'll stand by you, I'll stand by you
Now my life is on the line
And my stranger fi di crimes, yeah, yeah
If you ready for the ride
Just know it's cold like bag of ice
Never said it was easy, never know what to do
Oh, when these walls fall down, I'll stand by you
What you believe in, I'll give it to you
'Cause when these walls fall down, I'll stand by you
Oh, oh (Stand by me, Stand by me)
Oh, ah-oh (Oh, I like it)
Oh, oh, oh
Oh-oh, ah-oh
Oh-oh, ah-oh
Are you lonely? Are you lonely? Are you lonely?
I'll stand by you, I'll stand by you
Are you lonely? Are you lonely? Are you lonely?
I'll stand by you, I'll stand by you"
27,Alan Walker,Sad Sometimes,,2019,"September 14, 2019","I've been dancing by myself tonight (-self tonight)
Close my eyes, I'm fading with the lights
Did you always keep me in the dark?
If you knew, why did you let me stay?
Shouldn't never let you break my heart
Now there is nothing left for me to say
'Cause I'm lost in the silence between you and me
Now you're gone, nothing's left of what used to be
That's okay, that's alright
Go ahead and live your life
That's okay, that's alright
But don't blame me if I get sad sometimes
I still got a messed up point of view (Point of view)
All I see in everything is you, oh
Did you always keep me in the dark?
If you knew, why did you let me stay?
Shouldn't never let you break my heart
Now there is nothing left for me to say
'Cause I'm lost in the silence between you and me
Now you're gone, nothing's left of what used to be
That's okay, that's alright
Go ahead and live your life
That's okay, that's alright
But don't blame me if I get sad sometimes
But don't blame me if I get sad sometimes
Sad sometimes (Ooh-ooh)
Sad sometimes"
28,Alan Walker,Do It All for You,,2018,"December 14, 2018","“Do It All for You” is the sixth track off of Alan Walker’s debut album Different World and features uncredited vocals by Trevor Guthrie.
I'll take it up an elevation
I'll stand on the highest peak
You'll never doubt my dedication
I'm here 'til eternity
Every time you order me
I'm gonna show you who I work for
With you, it's like I'm on vacation
I'm right where I want to be
Everything I do, yea, I do it for you
You'll never build a wall that I can't break through
Inside you know, this heart is true
I'll do it all for you, oh-oh
Now friends may come between us but
In time I'll prove
I do it all for you
I do
I'll take it up an elevation
I'll stand on the highest peak
You'll never doubt my dedication
I'm here 'til eternity
Every time you order me
I'm gonna show you who I work for
With you, it's like I'm on vacation
I'm right where I want to be
Everything I do, yea, I do it for you
You'll never build a wall that I can't break through
Inside you know, this heart is true
I'll do it all for you, oh-oh
Now friends may come between us but
In time I'll prove
I do it all for you
I do"
29,Alan Walker,Running Out of Roses,,2021,"September 10, 2021","I'm all by myself
Seen this show like a thousand times
It's a side effect
Loneliness without no reply
In my mind I just keep pretending
It's a big old lie, big old lie, big old lie
Dancing on the tables
City full of angels
Dreams of diamonds and gold
All the different faces
Ones I used to hate
I miss them now that they're gone
Oh my god did we go too far?
Did we waste it all
Like we're running out of roses
Plastic cups did we laugh enough?
Looking back on us
Now that everything is over
Oh my god did we go too far?
Did we waste it all
Like we're running out of roses
Plastic cups did we laugh enough?
Looking back on us
Now that everything is over
On a night like this
All I know is what I should've said (ooh-ooh, ah)
In the life I've lived
All the things I wanna do again
When the silence ends
Swear I'll never let a day go by, day go by, day go by
Dancing on the tables
City full of angels
Dreams of diamonds and gold
All the different faces
Ones I used to hate
I miss them now that they're gone
Oh my god did we go too far?
Did we waste it all
Like we're running out of roses?
Plastic cups did we laugh enough
Looking back on us
Now that everything is over?
Oh my god did we go too far?
Did we waste it all
Like we're running out of roses?
Plastic cups did we laugh enough
Looking back on us
Now that everything is over?"
30,Alan Walker,"Better Off (Alone, Pt. III)",,2023,"September 28, 2023","This could be a good night for good times
And you look like a good time
We're dancing to dancing in the moonlight
Now I want you bad, can you make me feel better?
This could be a good night for good times
And you look like a good time
We're dancing to dancing in the moonlight
Now I want you bad, can you make me feel better?
Do you think you're better off alone?
I think you better come along
Can you make me feel better?
This could be a good night for good times
And you look like a good time
We're dancing to dancing in the moonlight
Now I want you bad, can you make me feel bеtter?
Do you think you're bettеr off alone?
I think you better come along
So if you think you're better off alone
I think you better come along
Can you make me feel better?
This could be a good night for good times
And you look like a good time
We're dancing to dancing in the moonlight
Now I want you bad, can you make me feel better?
Do you think you're better off alone? (Alone, alone, alone, alone?)
I think you better come along (Along, along, along, along)"
31,Alan Walker,Sorry,,2021,"January 29, 2021","Tiếng Việt
Confetti is falling
At five in the morning
They're screaming and crying
But I'm all by myself
I know you, I'm sorry
I made up a story
I'm lonely, I'm falling
Just like you, I'm sorry
Lo-lo-ha-he-ey-yo-la
Lo-lo-ho-lo-le-lo-la
Lo-lo, lo-lo
Lo-lo-ho-lo-le-lo-la
Lo-lo-ho-lo-le-lo-la
Lo-lo-ho-lo-le-lo-la
Lo-lo-le-ho-le
Confetti is falling
At five in the morning
They're screaming and crying
But I'm all by myself
I know you, I'm sorry
I made up a story
I'm lonely, I'm falling
Just like you, I'm sorry"
32,Alan Walker,Paradise,,2021,"September 23, 2021","Said you would rather die young
Live for the moment, forget tomorrow
Guess that you got it all wrong
Still tryna find out which road to follow
Always tried to ride those paper planes
Said that you were fine with my mistakes
Now we're tryna call on yesterday to go back
We don't always get it right
The lights go out, the music dies, no goodbye
Now you're gone, I realize
I cast us out of paradise
Even if it all went down in flames
We can live to fight another day
Let go and close your eyes
And just remеmber paradise
Para–
Paradise
Para–
It doеsn't matter tonight
There's a tomorrow for you to treasure
No sense in losing our minds
To keep the pieces of us together
Thought about it for a while now
Questioned everything up in your life now
Maybe you should let it ride out
And everything will come around, yeah
We don't always get it right
The lights go out, the music dies, no goodbye
Now you're gone, I realize
I cast us out of paradise
Even if it all went down in flames
We can live to fight another day
Let go and close your eyes
And just remember paradise
Para–
Paradise
Para–
Paradise
Hold on, hold on
Paradise
Paradise
Paradise
We don't always get it right
The lights go out, the music dies, no goodbye
Now you're gone, I realize
I cast us out of paradise (Cast us out of paradise)
Para–
Paradise
Oh, woah, I realize (Para–)
Cast us out of paradise
We don't always get it right
The lights go out, the music dies, no goodbye (The music dies)
Now you're gone, I realize
I cast us out of paradise"
33,Alan Walker,Believers,,2021,"May 14, 2021","They said I needed something in my life
Said I was doing dumb shit all the time
'Cause broken dreams won't pay your bills at all
I heard it was the wrong things I get right
I blame it on the monsters in my mind
With stories from outside these prison walls
'Cause even if we're hopeless
And we know that this will hurt
Tomorrow is just a word
And they can't control
Believers
Let's raise a toast, enjoy the show
We are believers
So incomplete, yet all we need
Believers
Let's raise a toast, enjoy the show
I said I wouldn't run but I'm terrified
Headed for the sun but I'm scared of heights
So you and me go falling through the dark
You told me be someone that I like
Instead of being someone in their eyes
Your battle scars make you look like a star
'Cause even if we're hopeless
And we know that this will hurt
Tomorrow is just a word
And they can't control
Believers
Let's raise a toast, enjoy the show
We are believers
So incomplete, yet all we need
We are believers
Let's raise a toast, enjoy the show
Want you to know that (Believer)
They can't control it (Believer)
Want you to know that (Believer)
They can't control it (They can't)
Want you to know that (Believer)
They can't control it (Believer)
Want you to know that (Believer)
They can't control it
No, they can't control"
34,Alan Walker,Heart over Mind,,2023,"November 9, 2023","I should've locked the door
Pinned myself to the floor
Made someone cover my eyes
'Cause when the devil's on my left tellin' me to go ahead
You're right back in my mind
I'm a human tug of war
How do I cut the cord?
Feel like I'm stumbling blind
And with the angel on my right tellin' me to pick a side tonight
Too hard to fight
Heart over mind
Oh, you make me wanna throw my body into the fire
Should've known better 'cause you're dangerous
A painful love
Too nice, too hard to fight
Heart over mind
Oh, you make me wanna take you in and swallow my pride
Should've known better 'cause you're dangerous, a painful love
Too nice, too hard to find
Heart over mind, oh
La-da-da-da-da-da, oh
Too nice, too hard to find, heart over mind
You should've stayed away, known what a mess you've made
Said it's a bad idea (Such a bad idea)
Should've picked kindness over cruel
What a stupid thing to do
Now I, I can't rewind
Heart over mind
Oh, you make me wanna throw my body into the fire
Should've known better 'cause you're dangerous
A painful love
Too nice, too hard to fight
Heart over mind
Oh, you make me wanna take you in and swallow my pride
Should've known better 'cause you're dangerous, a painful love
Too nice, too hard to find
Heart over mind, oh
La-da-da-da-da-da, oh
Too nice, too hard to fight, heart over mind
La-da-da-da-da-da, la-da-da-da-da-da, la-da-da-da-da-da
Should've known better 'cause you're dangerous, a painful love
Too nice, too hard to find, heart over mind"
35,Alan Walker,The Drum,,2022,"April 29, 2022","Ooh, I can't pretend
Like you didn't bring my tempo up again (Tempo up again)
My head's in a spin
You send my body to a place it's never been
Baby, won't you let me
Keep you up all night, let the morning come closer
You send me so high now, the ceiling can't hold us
Listen to my heart, let the rhythm control ya
I'll be there when you need my love
Just follow the beat of my drum (Drum, drum, drum, drum, drum)
It goes um-pa-pum-pa-pum, pum-pa-pum, pum-pa-pum-pum
Um-pa-pum-pa-pum, pum-pa-pum, pum-pa-pum-pum
Um-pa-pum-pa-pum, pum-pa-pum, pum-pa-pum-pum
Um-pa-pum-pa-pum, pum-pa-pum, pum-pa-pum-pum
Just follow the beat of my drum
Ooh, I can't pretend
Like I didn't let your love go to my head, ah-ah, mm-mm
Ooh, I'm in a spin
You send my body to a place it's nеver been, ah-ah
Whoa-oh, oh no, thinkin' about you, makin' my body behave so
Crazy, ooh, you makе me wanna sway slow
You push up on me, baby, you got me for days, oh, you do
Baby, won't you let me
Keep you up all night, let the morning come closer
You send me so high now, the ceiling can't hold us
Listen to my heart, let the rhythm control ya
I'll be there when you need my love
Just follow the beat of my drum (Drum, drum, drum, drum, drum)
It goes um-pa-pum-pa-pum, pum-pa-pum, pum-pa-pum-pum
Um-pa-pum-pa-pum, pum-pa-pum, pum-pa-pum-pum
Um-pa-pum-pa-pum, pum-pa-pum, pum-pa-pum-pum
Um-pa-pum-pa-pum, pum-pa-pum, pum-pa-pum-pum
Whoa-oh, oh no, thinkin' about you, makin' my body behave so
Crazy, ooh, you make me wanna sway slow
You push up on me, baby, you got me for days, oh, you do
Just follow the beat of my drum
Pa-pum-pa-pum, pum-pa-pum, pum-pa-pum-pum
Um-pa-pum-pa-pum, pum-pa-pum, pum-pa-pum-pum
Um-pa-pum-pa-pum, pum-pa-pum, pum-pa-pum-pum
Um-pa-pum-pa-pum, pum-pa-pum, pum-pa
It goes um-pa-pum-pa-pum, pum-pa-pum, pum-pa-pum-pum
Um-pa-pum-pa-pum, pum-pa-pum, pum-pa-pum-pum
Um-pa-pum-pa-pum, pum-pa-pum, pum-pa-pum-pum
Um-pa-pum-pa-pum, pum-pa-pum
Just follow the beat of my drum"
36,Alan Walker,Sweet Dreams,,2021,"June 11, 2021","Beat, ba-ba-ba-dum-dum
Ba-ba-ba-dum-dum
Beat, ba-ba-ba-dum-dum
You're like the mist in the morning
You're a moment, body warming
I can't resist where you're going
Make me an ocean, overflow it
Sweet dreams of your love
Keeping me up, can't get enough
Sweet dreams of your touch
Do what you want, just keep it up
To the rhythm of the beat
Ba-ba-ba-dum-dum
Ba-ba-ba-dum-dum
Beat, ba-ba-ba-dum-dum
Ba-ba-ba
To the rhythm of the beat
Ba-ba-ba-dum-dum
Ba-ba-ba-dum-dum
Beat, ba-ba-ba-dum-dum
Ba-ba-ba-dum-dum
Waves, as they roll in
As they're growing, can't control 'em
Caught in a haze up on the ceiling
You got me feeling, I must be dreaming
Sweet dreams of your lovе
Keeping me up, can't get enough
Sweet drеams of your touch
Do what you want, just keep it up
To the rhythm of the beat
Ba-ba-ba-dum-dum
Ba-ba-ba-dum-dum
Beat, ba-ba-ba-dum-dum
To the rhythm of the beat
Ba-ba-ba-dum-dum
Ba-ba-ba-dum-dum
Beat, ba-ba-ba-dum-dum
Ba-ba-ba
To the rhythm of the beat
Ba-ba-ba-dum-dum
Ba-ba-ba-dum-dum
Beat, ba-ba-ba-dum-dum
Beat, ba-ba-ba-dum-dum
Ba-ba-ba-dum-dum
Beat, ba-ba-ba-dum-dum
Ba-ba-ba
To the rhythm of the beat
Ba-ba-ba-dum-dum
Ba-ba-ba-dum-dum
Beat, ba-ba-ba-dum-dum
Ba-ba-ba
To the rhythm of the"
37,Alan Walker,World We Used to Know,,2021,"November 12, 2021","Wild, wild, wild horses tell me, where did they all go?
They used to run, used to run, used to run right here
And all I see is an empty road
Wild, wild, wild roses tell me, where did they all go?
When I was young, I was young, they would spread like fire
And now the roots don't know where to grow
Did it come overnight or did it come on slow?
It’s out of our hands and it's out of control
I don't think that this is the world we used to know
Is the world we used to know
Wide, wide, wide oceans tell me, where do you lead?
When the sun and the sky come to meet at night
I wonder, would you carry me?
Why won’t you tell me if I'm on my own
You used to be, used to be, used to be right here
And now I don't know where to go
Did it come overnight or did it come on slow?
It's out of our hands and it's out of control
I don't think that this is the world we used to know
Is the world we used to know
I could show you places that we had
In the world we used to know
Take me home and show me love can last
There's a world we used to know
Did it come overnight or did it come on slow?
It's out of our hands and it’s out of control
I don’t think that this is the world we used to know
Is the world we used to know"
38,Alan Walker,Faded (Luke Christopher Remix),,2016,"April 28, 2016","Where are you now? Atlantis
Under the sea, under the sea
Where are you now? Another dream
The monster's running wild inside of me
I'm faded
(Yeah)
Honestly, you probably shouldn't listen to a word I say
'Cause girl, I feel like I've been dizzy for days
Would you do it if I asked you to stay
Or would you tell me it's a little too late?
'Cause if it is I'd be happy to fade
Said I'd pick a better time and a place, yeah
But if it's not and you still got monsters
My demons would be happy to play
Just look at everyone's faces, you know that they faded
Always escaping, I did too much taking
Now when you say shit, it feels it's nothin' like
When I had you, girl, at least I had somethin' right
Deep like the ocean, seizing the moment
My cards are showing
Where are you now? Atlantis
Under the sea, under the sea
Where are you now? Another dream
The monster's running wild inside of me
I'm faded, I'm faded
So lost, I'm faded, I'm faded
So lost, I'm faded
And I don't mean to put on the pressure
But if you ever wanna do it to me again
I probably would let ya
And I know it's a little bit extra
To say that I'm messed up's an understatement
It's time that I let go, I'm done with hatin'
I hear music having me blasting
Life is steadily passing, baby, I'm not exaggeratin'
So I'ma keep deep diving
Just to see you, where you hidin'?
And if you aren't in the sea
I just wait until I dream just to see if I can find you
Where are you now? Atlantis
Under the sea, under the sea
Where are you now? Another dream
The monster's running wild inside of me
I'm faded, I'm faded
So lost, I'm faded, I'm faded
So lost, I'm faded"
39,Alan Walker,Hello World,,2022,"March 4, 2022","All my life, I've been walking on my own
Along the lonely road of the heart
On my side, I got symphonies and songs
To help me find my way through the dark
Oh, six in the morning with nowhere to go
Sing hello world it feels so good to be home
Lost in the dark, but I'll never be alone
Sing hello world it feels so good to be home
(Sing hello world it feels so good to be home)
Hello, hello, hello world
I open my eyes and said hello to the world (Hello to the world)
Hello, hello, hello world
I open my еyes and said hello to the world
All night long, I'vе been talking to myself
The voices in my head don't cry
On my mind, I become somebody else
So this is how it feels to say goodbye
Oh, six in the morning with nowhere to go
Sing hello world it feels so good to be home
Lost in the dark, but I'll never be alone
Sing hello world it feels so good to be home
Hello, hello, hello world
I open my eyes and said hello to the world (Hello to the world)
Hello, hello, hello world
(I open my eyes and said hello to the
world)"
40,Alan Walker,Barcelona,,2024,"June 13, 2024","Català
La-la-la-lai
La-la-la-lai
La-la-la-lai
I found my feet again and now I need to teach them how to run
I found the beat I lost when you left in the chorus of a song
(La-la-la-lai, la-la-la-lai)
I left the anger I was feeling at a bar in Barcelona
Another brick, another wall
And any day now I'll be okay, I won't miss you anymore
La-la-la-lai
I'm gonna dance until I dance you off my mind
La-la-la-la-la-lai, la-la-la-lai
I'm gonna sing until I sing you out of sight
La-la-la-la-la-lai, la-la-la-lai
I'm gonna walk until I walk you out the door
La-la-la-la-la-lai, la-la-la-lai
And any day now I'll be okay in the night
I won't miss you anymore
(Barcelona)
(Barcelona)
Spoke to the people on the beaches where we used to sit alone
La-la-la-lai
Swam in the deep end of the ocean and I threw away my phone
La-la-la-lai, la-la-la-lai
I kissed a girl who don't resemble you at all in Barcelona
Another step, another shore
And any day now I'll be okay, I won't miss you anymore
La-la-la-lai
I'm gonna dance until I dance you off my mind
La-la-la-la-la-lai, la-la-la-lai
I'm gonna sing until I sing you out of sight
La-la-la-la-la-lai, la-la-la-lai
I'm gonna walk until I walk you out the door
La-la-la-la-la-la, la-la-la-la
And any day now I'll be okay in the night
Won't miss you anymore
(Barcelona)
(Barcelona)
I left the love you gave to me out on the streets of Barcelona
Another step, another try
And any day now, I'm gonna dance you off my mind
La-la-la-lai
I'm gonna dance until I dance you off my mind
La-la-la-la-la-lai, la-la-la-lai
I'm gonna sing until I sing you out of sight
La-la-la-la-la-lai, la-la-la-lai
I'm gonna walk until I walk you out the door
La-la-la-la-la-lai, la-la-la-lai
And any day now I'll be okay in the night
Won't miss you anymore"
41,Alan Walker,Shut Up,,2022,"November 18, 2022","You're miserable inside your mind (Oh my, oh my)
Been dancing circles 'round your lies (Oh my, oh my)
It's stepping on the dreams of everyone you meet
This stupidness will get you high
Why don't you just shut up?
I'm telling you, we've had enough of
You and all your bullshit
We've heard it all before
Why don't you just shut up?
I know you gotta come, but so what?
Won't catch you on the fall, 'cause
You can't hurt us anymore
Why don't you just–?
Why don't you just shut up?
Why don't you just shut up?
I wonder what happened to you (Oh my, oh my)
To make you wanna spin the truth (All night, all night)
You sink your teeth, insult to injury, and we watch
Your high horse running on the loose
Why don't you just shut up?
I'm telling you, we've had enough of
You and all your bullshit
We've heard it all before (Oh, yeah)
Why don't you just shut up?
I know you gotta come, but so what?
Won't catch you on the fall, 'cause
You can't hurt us anymore
Why don't you just–?
Why don't you just shut up?
Why don't you just shut up?
Why don't you, please, why don't you just shut up?"
42,Alan Walker,Somebody Like U,,2022,"June 17, 2022","हिन्दी (Hindi)
(Ooh-ooh-ooh, ooh-ooh-ooh)
(Ooh-ooh, ooh-ooh-ooh, ooh-ooh-ooh)
Reflections in the mirror, bathroom light
Both hands on the sink, I'm holdin' tight
Why are you still glued in my mind?
Silly little me can't win this fight
Even though I know that you are far gone
And instead of maybe moving on
I'm catchin' these feelings, holdin' on to the pieces
It's hittin' me hard now that I'm
Dancin' with somebody like you
Lose myself in every move
Oh, I hate the things you're makin' me do
Somebody like you
It hurts like hell
Searching for you in someone else
But I can't help myself, I do
Somebody like you
Looking for your Prius in the parking lot
I know it's not there, but it's all I got
Rain is pouring down, drownin' my thoughts
I guess you found yourself another spot
Even though I know that you are far gone
And instead of maybe moving on
I'm catchin' these feelings, holdin' on to the pieces
It's hittin' me hard now that I'm
Dancin' with somebody like you
Lose myself in every move
Oh, I hate the things you're makin' me do
Somebody like you
It hurts like hell
Searching for you in someone else
But I can't help myself, I do
Somebody like you
Somebody like you
Oh, I hate the things you're makin' me do
Somebody like you"
43,Alan Walker,"Me, Myself and The Night",,2025,"May 30, 2025","Waking up, it's cold, oh, where did you go? Did you leave me?
Nothing is the same, nothing is the way it used to be
Memories were here, but they disappeared into the unknown
Little did I know, I was never really on my own
Got the bright sun shining down on me
Got a million stars in the sky
When the darkness holds me, I don't feel alone
Just me, myself and the night
Got the silver strings from the pale moon light
Got the empty streets and they'rе mine
When the darknеss holds me I don't feel alone
Just me, myself and the night
Just me, myself and the night
Desolate and strange if someone calls my name, will I hear it?
A thousand miles away, an echo out of range so far from me
Static in the air, is anybody there beside the north wind?
Little did I know, I was never really on my own
Got the bright sun shining down on me
Got a million stars in the sky
When the darkness holds me, I don't feel alone
Just me, myself and the night
Got the silver strings from the pale moon light
Got the empty streets and they're mine
When the darkness holds me, I don't feel alone
Just me, myself and the night
Oh sweet satellite
I'll make a wish on you when you pass through
I don't wanna do this alone
No more
Oh, oh, oh
Just me, myself and the night
Got the bright sun shining down on me
Got a million stars in the sky
When the darkness holds me, I don't feel alone
Just me, myself and the night
Got the silver strings from the pale moon light
Got the empty streets and they're mine
When the darkness holds me, I don't feel alone
Just me, myself and the night
Oh, oh, oh
Just me, myself and the night"
44,Alan Walker,Old Habits,,2025,"August 8, 2025","All is said and done, but it was fun, breaking us to pieces
Try too hard to stay apart, but we love this feeling
But now I see you again
I've been telling my friends that I'm quitting this habit
Vente a mi casa después
Pecamos más de una vez
De mi cabeza no sales
We'll go down in history
Worst the world has ever seen
But wasn't if I'm tearing everything up
Oh what a mess we made
Made some toxic memories
When nights were young and so were we
But wasn't if I'm tearing everything up
Oh what a mess wе made
Oh what a mess we madе
Oh what a mess we made
Farru, ooh
Histórico fue lo que viví
El tiempo que pasé junto a ti
Y nadie me ha hecho sentir lo que sentí junto a ti
Farru
Somos una pieza, una obra del destino
No fue casualidad cruzarno’ en el camino
Eres música clásica pa’ mis oídos
Tú eres un mantra disfrazado de sonido
Me llevas en un viaje
Cuando te quitas el traje
Somos dos fieras salvajes
Pero nos faltó coraje
We'll go down in history
Worst the world has ever seen
But wasn't if I'm tearing everything up
Oh what a mess we made
Made some toxic memories
When nights were young and so were we
But wasn't if I'm tearing everything up
Oh what a mess we made
Oh what a mess we made
Oh what a mess we made"
45,Alan Walker,In Your Eyes,,2024,"May 30, 2024","I could never live without your love
Hold me close don't ever let me go
Something happens when I'm close to you
All my troubles they all start to fade
That's the feeling that I hold onto
And what always gets me through the day
When I'm lost in the madness and I can't break free
When the world's on my shoulders I still believe
In the flame in the fire lift me up and kiss the sky
There's a way there's a light
Cause I've got everything I need in your eyes
Yeah yeah
Dalam setiap langkahku kusebutkan namamu
Dalam tiap lelahku kubutuhkan matamu
Kaulah energi dan renemy bentengku dari enemy forever ever
Dunia takkan bisa mengerti cinta yang seperti ini will never ever
When I'm lost in the madness and I can't break free
When the world's on my shoulders I still believe
In the flame in the fire lift me up and kiss the sky
There's a way there's a light
Cause I've got everything I need in your eyes"
46,Alan Walker,Unsure,,2024,"May 2, 2024","Not a winner, not a loser, neither rich nor poor
I am just a dreamer chasing something more
Oh, I'm on my way till I find what I'm searching for
Only thing I know is that I'm so unsure
I think I'm jaded, I let life get to my head
I'll stop complaining, I'll overthink it instead
This game is draining, so tell me when does it end? Oh, end
Hot than cold is getting old and nothing left is fun
High to low, it's yes and no, I don't know what I want
Not a winner, not a loser, neither rich nor poor
I am just a dreamer chasing something more
Oh, I'm on my way till I find what I'm searching for
Only thing I know is that I'm so unsure
Not doing good, but not really doing that bad
Oh, I'm not happy, but I'm not really that sad
And if I'm honest, yeah, I'll admit I'm a mess, I'm a mess
Hot than cold is getting old and nothing left is fun
High to low, it's yes and no, I don't know what I want
Not a winner not a loser, neither rich nor poor
I am just a dreamer chasing something more
Oh, I'm on my way till I find what I'm searching for
Only thing I know is that I'm so unsure
So unsure, oh"
47,Alan Walker,Mind Of A Warrior,,2025,"April 24, 2025","Will you stand your ground and show me?
Crawl your way up from the bottom of rock bottom
Promise you will taste the glory
Callin' like the beatin' of a drum
Face to face in front of you
Victory and failure
Will you find the strength to fight?
That's the mind of a warrior
All you got is here and now
Don't let self-doubt keep you down
Will you get back up and fight?
That's the mi-mind of a warrior
(Fight)
Know the road is one less traveled
Where the mirror only shows your greatest weakness
But you'll make it through the battle
Guild your scars and wear 'em like a crown
Face to face in front of you
Victory and failure
Will you find the strеngth to fight?
That's the mind of a warrior
All you got is here and now
Don't lеt self-doubt keep you down
Will you get back up and fight?
That's the mi-mind of a warrior
(Fight)
That's the mind of a warrior
That's the mind of a warrior
Mi-i-ind of a warrior
Mi-i-ind of a warrior
Mi-i-ind of a warrior
Mi-i-ind
That's the mi-mind of a warrior
(Fight)
That's the mind of a warrior
Mi-i-ind of a warrior
Mi-i-ind of a warrior
Mi-i-ind of a warrior
Mi-i-ind of a warrior"
48,Alan Walker,Last Song,,2025,"January 10, 2025","Your words are paper-thin
You play them like a tiny violin
Underneath my skin
I'm falling for the sound with no defense
I, I memorize my favorite lines
And I play 'em over and over again
Time after time, a long goodbye
But it don't have to end
Let the strings play and the bass drum roar
Tell me you'll stay for one more encore
Promise on hearts that you broke, this won't
Be our la-la-la-last song
Let the bells ring, harmonies echo
Carried by wings of thе lies you told
Promise on hearts that you brokе, this won't
Be our la-la-la-last song
Our la-la-la-last song
Hardly catch my breath
Before I'm in the choir like all the rest
Do what you do best
Play on every string inside my chest
Oh, time, yeah, one last time, a long goodbye
But this is where it ends
Let the strings play and the bass drum roar
Tell me you'll stay for one more encore
Promise on hearts that you broke, this won't
Be our la-la-la-last song
Let the bells ring, harmonies echo
Carried by wings of the lies you told
Promise on hearts that you broke, this won't
Be our la-la-la-last song
Our la-la-la-last song
La-la-la-last
Our la-la-la-last song"
49,Alan Walker,Faded (Restrung),,2016,"February 11, 2016","You were the shadow to my light
Did you feel us?
Another star
You fade away
Afraid our aim is out of sight
Wanna see us
Alight
Where are you now?
Where are you now?
Where are you now?
Was it all in my fantasy?
Where are you now?
Were you only imaginary?
Where are you now?
Atlantis
Under the sea, under the sea
Where are you now?
Another dream
The monster's running wild inside of me
I'm faded
I'm faded
So lost, I'm faded
These shallow waters never met
What I needed
I'm letting go
A deeper dive
Eternal silence of the sea
I'm breathing
Alive
Where are you now?
Where are you now?
Under the bright
But faded lights
You set my heart on fire
Where are you now?
Where are you now?
Where are you now?
Where are you now?
Where are you now?
Atlantis
Under the sea, under the sea
Where are you now?
Another dream
The monster's running wild inside of me
I'm faded
I'm faded
So lost, I'm faded"
50,Alan Walker,Endless Summer,,2023,"July 14, 2023","Endless summer
Lost love, now it's back again
I've been right here waiting
One touch and something's in the air
Got my heartbeat racing
I got that feeling again, like it's an endless summer
I got that feeling again, like it's an endless summer
No time for regret, no time for sleep, yeah
Not fucking leaving, when you're with me, yeah
I got that feeling again, like it's an endless summer
I got that feeling again
I got that feeling again
Hands up, raise 'em to the sky (To the sky)
'Cause I got you by my side
It's all love, every singlе time (Single time)
And it takеs me higher
I got that feeling again, like it's an endless summer
I got that feeling again, like it's an endless summer
No time for regret, no time for sleep, yeah
Not fucking leaving, when you're with me, yeah
I got that feeling again, like it's an endless summer
I got that feeling again
Oh, I got that feeling again
Rain, rain, go away, summer's here to stay
Cheers to better days (Endless summer)
Rain, rain, go away, summer's here to stay
Cheers to better days (Ooh)
I got that feeling again, like it's an endless summer
I got that feeling again, like it's an endless summer
No time for regret (No, no), no time for sleep, yeah (Don't sleep, yeah)
Not fucking leaving, when you're with me, yeah
I got that feeling again (That feeling again), like it's an endless summer"
51,Alan Walker,Lily (Slowed Remix),,2022,"July 15, 2022","Lily was a little girl
Afraid of the big, wide world
She grew up within her castle walls
Now and then, she tried to run
And then on a night with the settin' sun
She went in the woods away
So afraid, all alone
They've warned her, don't go there
There's creatures who are hidin' in the dark
Then somethin' came creepin'
It told her, ""Don't you worry, just
Follow everywhere I go
Top of all the mountains or valley low
Give you everything you've been dreamin' of
Just let me in, ooh
Everything you want in gold
I'll be the magic story you've been told
And you'll be safe under my control
Just let me in, ooh""
Just let me in, ooh
She knew she was hypnotized
And walking on cold, thin ice
Then it broke and she awoke again
Then she ran faster and
Start screamin', ""Is there someone out there?
Please help me, come get me""
Behind her, she can hear it say
""Follow everywhere I go
Top of all the mountains or valley low
Give you everything you've been dreamin' of
Just let me in, ooh
Everything you want in gold
I'll be the magic story you've been told
And you'll be safe under my control
Just let me in, ooh""
Just let me in, ooh
Ooh
""Everything you want in gold (Ooh)
I'll be the magic story you've been told
And you'll be safe under my control
Just let me in, ooh""
""Follow everywhere I go
Top of all the mountains or valley low
Give you everything you've been dreamin' of
Just let me in, ooh""
Then she ran faster and
Start screamin', ""Is there someone out there?
Please help me""
""Just let me in, ooh"""
52,Alan Walker,Thick Of It All,,2024,"September 5, 2024","[Chorus: Joe Jonas & Julia Michaels,
Joe Jonas
I know that you're in pain, I wish that I could change it
I know we're in the thick of it all, I know we're in the thick of it all
One, there's no one to blame, two hearts don't break the same way
I know we're in the thick of it all, I know we're in the
thick of it all
[Verse 1: Joe Jonas &
Jon Bellion
Circumstances in the way now, tryin' not to break down, baby
Makes you wanna scream out (
Ah-ah-ah, ah-ah-ah
It's rainin' in your eyes then, you still don’t understand why
It kills the one you raised by (
Ah-ah-ah, ah-ah-ah
[Pre-Chorus: Joe Jonas &
Jon Bellion
I'll be there, I'll be there for you always
Don't be scarеd, I'll be there for you always (
Comе on
I know that you're in pain, I wish that I could change it
I know we're in the thick of it all, I know we're in the thick of it all
One, there's no one to blame, two hearts don't break the same way
I know we're in the thick of it all, I know we're in the thick of it all
[Verse 2: Julia Michaels &
Jon Bellion
Look at my reflection, I know you've got some questions, baby
We both wanna scream out (
Ah-ah-ah, ah-ah-ah
So much of us is missing, everything is different
It kills me every minute (
Ah-ah-ah, ah-ah-ah
[Pre-Chorus: Julia Michaels &
Jon Bellion
I'll be there, I'll be there for you always
Don't be scared, I'll be there for you always (
Come on
I know that you're in pain, I wish that I could change it
I know we're in the thick of it all, I know we're in the thick of it all
One, there's no one to blame, two hearts don't break the same way
I know we're in the thick of it all, I know we're in the thick of it all
[Bridge: Joe Jonas & Julia Michaels,
Jon Bellion
I'll be there, I'll be there for you always (
I'll be there for you
Don't be scared, I'll be there for you always (
I'll always be right there for you
I'll be there, I'll be there for you always (
I know we're in the thick of it all
Don't be scared, I'll be there for you always (
We're in the thick of it all
I know that you're in pain, I wish that I could change it
I know we're in the thick of it all, I know we're in the thick of it all
One, there's no one to blame, two hearts don't break the same way
I know we're in the thick of it all (Thick of it all), I know we're in the thick of it all (Thick of it all)"
53,Alan Walker,Sing Me to Sleep (Marshmello Remix),,2016,"August 4, 2016","Wait a second, let me catch my breath
Remind me how it feels to hear your voice
Your lips are movin', I can't hear a thing
Livin' life as if we had a choice
Anywhere, anytime
I would do anything for you
Anything for you
Yesterday got away
Melodies stuck inside your head
A song in every breath
Sing me to sleep now
Sing me to sleep
Won't you sing me to sleep now?
Sing me to sleep
A song in every breath
Remember me now, time cannot erase
I can hear your whispers in my mind
I've become what you cannot embrace
Our memory will be my lullaby
Sing me to sleep now
Sing me to sleep
Won't you sing me to sleep now?
Sing me to sleep
A song in every breath
Sing me to sleep
Sing me to sleep
Won't you sing me to sleep?
Sing me to sleep now
Sing me to sleep now
Sing me to sleep
Won't you sing me to sleep now?
Sing me to sleep"
54,Alan Walker,Don’t You Hold Me Down,,2021,"August 27, 2021","(Do-, do-, do-, do-, don't, don't)
(Don't you hold me down)
(Do-, do-, do-, do-, don't, don't)
(Don't you hold me down)
I've been feelin' all the pressure
I'd been lookin' for a sign, mmm
I don't love you any lesser
I just need a little time
I'm sorry but for real
Don't wanna be tied up
Don't wanna feel too much
There's things I wanna do, oh no don't
(Do-, do-, do-, do-, don't, don't)
(Don't you hold me down)
(Do-, do-, do-, do-, don't, don't)
(Don't you hold me down)
(Do-, do-, do-, do-, don't, don't)
(Don't you hold me down)
(Do-, do-, do-, do-, don't, don't)
(Don't you hold me down)
I've been waitin' for a lifetime
I don't wanna miss a chance, mmm
All my visions coming to life
And you know I got bigger plans
I'm sorry but for real
Don't wanna be tied up
Don't wanna feel too much
There's things I wanna do, oh no don't
(Do-, do-, do-, do-, don't, don't)
(Don't you hold me down)
(Do-, do-, do-, do-, don't, don't)
(Don't you hold me down)
(Do-, do-, do-, do-, don't, don't)
(Don't you hold me down)
(Do-, do-, do-, do-, don't, don't)
(Don't you hold me down)
Ooh, ooh
Don't you hold me, hold me now
Slow me, slow me down
Ooh, ooh
Don't you hold me, hold me now
Slow me, slow me down
(Do-, do-, do-, do-, don't, don't)
(Don't you hold me down)
(Do-, do-, do-, do-, don't, don't)
(Don't you hold me down)
(Do-, do-, do-, do-, don't, don't)
(Don't you hold me down)
(Do-, do-, do-, do-, don't, don't)
(Don't you hold me down)
(Do-, do-, do-, do-, don't, don't)
(Don't you hold me down)
(Do-, do-, do-, do-, don't, don't)
(Don't you hold me down)
(Do-, do-, do-, do-, don't, don't)
(Don't you hold me down)"
55,Alan Walker,Intro,,2018,"December 14, 2018","The first track off of Alan Walker’s debut album Different World was first teased in the trailer of Different World.
Ahh-ahh-ahh, ahh-ahh
Ahh-ahh-ahh, ahh-ahh
Ahh-ahh-ahh, ahh-ahh
Ahh-ahh-ahh, ahh
Ahh-ahh-ahh, ahh-ahh
Ahh-ahh-ahh, ahh-ahh
Ahh-ahh-ahh, ahh-ahh
Ahh-ahh-ahh, ahh-ahh
Ahh-ahh-ahh, ahh-ahh
Ahh-ahh-ahh, ahh-ahh
Ahh-ahh-ahh, ahh-ahh"
56,Alan Walker,All Falls Down (K-391 Remix),,2017,"December 1, 2017","What's the trick I wish I knew
I'm so done with thinking through
All the things I could've been
And I know you wonder too
All it takes is that one look you do
And I run right back to you
U crossed the line
& it's time to say f-u!
What’s the point in saying that
When u know how I’ll react
U think u can just take it back
But shit just don’t work like that
You’re the drug that I’m addicted to
And I want you so bad
Guess I’m stuck
With you
And that’s that
Cus when it all falls down, then whatever
When it don’t work out for the better
If we just ain’t right and it’s time to say goodbye
When it all falls down
When it all falls down
I’ll be fine
I’ll be fine
I’ll be fine
You’re the drug that I’m addicted to
And I want you so bad
But I’ll be fine
Why we fight, I don’t know
We say what hurts the most
Oh, I try
Staying cold
But you take it personal
All this firing shots
And making grounder
It’s way too hard to cope
But I still
Can’t let
You go
All Falls Down
All Falls Down
All Falls Down
All Falls Down"
57,Alan Walker,Catch Me If You Can,,2022,"November 18, 2022","Paris to LA, then Texas
Left a little trail of exes
I'll be on a plane by breakfast
Au revoir,
thanks a lot
Scratch another off of my checklist
One more time and not my necklace
Jealous judge me, I'm the bad sheep
Donne-toi,
whatcha got?
Here tonight, gone by day
I live my life like a runaway
You can try, maybe wanna stay
Catch me if you can, I'm a runaway
I'm a runaway
I'm a runaway
Country boys with real good manners
Hustlers from Louisiana
All go crying to their mamas
When I leave,
ç'est la vie
Here tonight, gone by day
I live my life like a runaway
You can try, maybe wanna stay
Catch me if you can, I'm a runaway
I'm a runaway
I'm a runaway
Do you wanna play a game?
Wanna play a game?
Do you wanna play a game? (Do you?)
Gotta catch me if you can
Catch me if you can
Gotta catch me if you can (Ooh, ooh)
Here tonight, gone by day
I live my life like a runaway
You can try, maybe wanna stay
Catch me if you can, I'm a runaway
I'm a runaway
I'm a runaway
Catch me if you can, I'm a runaway"
58,Alan Walker,All Falls Down (Mio Remix),,2017,"December 1, 2017","What's the trick? I wish I knew
I'm so done with thinking through
All the things I could've been
And I know you wonder too
All it takes is that one look you do and I run right back to you
You cross the line and it's time to say ""F"" you
What's the point in saying that
When you know how I'll react?
You think you can just take it back
But shit just don't work like that
You're the drug that I'm addicted to, and I want you so bad
Guess I'm stuck, with you, and that's that
'Cause when it all falls down, then whatever
When it don't work out for the better
If it just ain't right, and it's time to say goodbye
When it all falls down, when it all falls down
I'll be fine
Why we fight? I don't know
We say what hurts the most
Oh, I tried staying cold, but you take it personal
All these firing shots and making ground
It's way too hard to cope, but I still can't let you go
'Cause when it all falls down, then whatever
When it don't work out for the better
If it just ain't right, and it's time to say goodbye
When it all falls down, when it all falls down
I'll be fine
You're the drug that I'm addicted to, and I want you so bad
But I'll be fine (fine, fine, fine, fine)
I'll be fine
You're the drug that I'm addicted to, and I want you so bad
But I'll be fine (fine, fine, fine, fine)
I'll be fine"
59,Alan Walker,Faded (Y&V Remix),,2016,"April 29, 2016","You were the shadow to my light, did you feel us?
Another star, you fade away
Afraid our aim is out of sight, wanna see us
Alight
Where are you now?
Where are you now?
Where are you now?
Was it all in my fantasy?
Where are you now?
Were you only imaginary?
Where are you now? Atlantis
Under the sea, under the sea
Where are you now? Another dream
The monster's running wild inside of me
I'm faded
So lost, I'm faded, I'm faded
I'm faded, I'm faded
So lost, I'm faded
These shallow waters never met what I needed
I'm letting go, a deeper dive
Eternal silence of the sea
I'm breathing, alive
Where are you now?
Where are you now?
Under the bright but faded lights
You set my heart on fire
Where are you now?
Where are you now?
Where are you now? Atlantis
Under the sea, under the sea
Where are you now? Another dream
The monster's running wild inside of me
I'm faded, I'm faded
So lost, I'm faded
So lost, I'm faded, I'm faded
I'm faded, I'm faded
So lost, I'm faded
Where are you now? Another dream
The monster's running wild inside of me
Where are you now? Another dream
The monster's running wild inside of me"
60,Alan Walker,Children Of The Sun,,2024,"September 26, 2024","Romanization
चल दिया, चल दिया
जो ख्वाबों का कारवां
मंज़िले दिख रही
हमें जाना है वहा
When the light turns to night
We're the children of the sun
Fight for less, fight for more
Fight for everything we love
Yeah, we are, we are, we are
We are the children of the sun
Here we are, we're the ones
We're the children of the sun
ਕੀ ਜੇਹਲਮ ਨੇ ਹੈ ਨਾ ਰੁਕ ਪਾਨਾ
ਪਾਨੀ ਵਾਗਦਾ ਜਾਨਾ
ਹੂੰ ਚਲਦੇ ਰਹੇ ਨਾ ਹੈ ਬੇਹਨਾ
ਮੰਜ਼ਿਲਾਂ ਤਕ ਜਾਨਾ
ਕੀ ਜੇਹਲਮ ਨੇ ਹੈ ਨਾ ਰੁਕ ਪਾਨਾ
ਏਹ ਦਿਲ ਨੀ ਮੰਨਦਾ ਨਿਮਾਣਾ
ਹੂੰ ਚੜਦ ਹਨੇਰਾ ਰੋਸ਼ਨੀ ਦਾ
ਹੈ ਪਤਾ ਲਬਨਾ
When the light turns to night
We're thе children of the sun
Fight for less, fight for morе
Fight for everything we love
Yeah, we are, we are, we are
We are the children of the sun
Here we are, we're the ones
We're the children of the sun
Yippy, yippy kai, feeling traumatized
I don't know my name
But when I see the sky, I'm in paradise
Everything is alright
We're the children of the sun
Yippy, yippy kai, feeling traumatized
I don't know my name
But when I see the sky, I'm in paradise
Everything is alright
We're the children of the sun
When everything fades in life
And you're feeling lost in time
And all that you want is far and gone
Know you had to be lost to find home"
61,Alan Walker,Out of Love,,2021,"November 26, 2021","Oh-oh-oh, every little smile hides a little lie
Could cut the silence with a knife
Subatomic bliss is nothing left to miss
It's just empty Russian roulette
Try to brush it off my shoulder
We feel the world is getting colder
And I don't wanna lie
Every time I smile
I'm fallin' out of love
Fallin' out of love
I've had about enough of us, of us
Fallin' out of love (Oh-oh-oh)
Oceans in our eyes, every time we cry
I'm feeling the fire die
Finally, the tears feel so insincerе
We fall into the darkside
Try to brush it off my shouldеr
We feel the world is getting colder
And I don't wanna lie
Every time I smile
I'm fallin' out of love
Fallin' out of love
I've had about enough of us, of us
Fallin' out of love
I'm not gonna be that girl
You can't bring me back to your world
You know that we've run out of time (Out of time)
I promise not to turn around
So go ahead and burn us down
'Cause I don't wanna lie, every time I smile
I'm fallin' out of love
Fallin' out of love
I've had about enough of us, of us
Fallin' out of love
I'm fallin' out of love
Fallin' out of love (Fallin' out of love)
I've had about enough of us, of us
Fallin' out of love
(Oh-oh-oh)"
62,Alan Walker,Beautiful Nightmare,,2024,"August 7, 2024","Be my beautiful nightmare
Black magic in your fingertips
Sweet surrender on my lips
Burnin' on my skin
Addiction that I just can't quit
Close to heaven but we slipped
I'm floating through hell and back
For a love that could burn like that
That's how we fade to black
Don't wake me up
Oh, please don't go
Leave me dancing with your ghost
Stay and haunt my dreams
Can you take me there?
Be my beautiful nightmare
Oh, please don't go
Pull me under, pull me close
Stay and haunt my dreams
Can you take me there?
Be my beautiful nightmare
Feel you breathing down my neck
Always see your silhouette
Got me scratching at the wa-a-a-alls
Come and love me half-to-death
Drive my body off the edge
Like the way you make me cra-a-a-awl
I'm floating through hell and back
For a love that could burn like that
That's how we fade to black
Don't wake me up
Oh, please don't go
Leave me dancing with your ghost
Stay and haunt my dreams
Can you take me there?
Be my beautiful nightmare
Oh, please don't go
Pull me under, pull me close
Stay and haunt my dreams
Can you take me there?
Be my beautiful nightmare
Beautiful nightmare
Oh, so beautiful
Don't let me go
Be my beautiful nightmare"
63,Alan Walker,Strongest (Albert Vishi Edit),,,,"You sit there with that look on your face like you won
Like nothing that I say is gonna change how you feel now
You sit there and you tell me you fell outta love
And we are in your way so you just gotta leave now
And we just need to understand your reasons
And you are gonna justify this treason
By telling me the promises that we sworn ain't enough
So now you gonna be another person?
And how do I explain this shit to our son?
How'd you tell a toddler about a girlfriend?
Daddy's gone
Well, I will be the strongest that he ever knew
And I will be there when he needs a love strong enough
Don't worry I will carry your shit for us
No matter how bad the storm
I will be strongest that he ever knew
And we'll leave you alone
You sit there with your phone in your hands and you're hurt
You tell me that you feel like you lost me when he came
I'm sorry but I cannot connect with your words
'Cause right now what matters isn't yours but it is his name
And we just need to find another income
'Cause she wants you to help her with her own one
And you want me to tell me that what you've done is okay
So now you gonna be another father?
And I will be a different kind of mother?
And you'd tell a toddler 'bout step brothers?
Daddy's strayed
Well, I will be the strongest that he ever knew
And I will be there when he needs a love strong enough
Don't worry I will carry your shit for us
No matter how bad the storm
I will be strongest that he ever knew
And we'll leave you alone
Let's talk about family
Let's talk about family
Let's talk of the ties and the lies
And the love that we had in this family
Let's talk about honesty
You know nothing about honesty
I'll let go of your hands and our plans
And the chance that we had with this family
Well, I will be the strongest that he ever knew
And I will be there when he needs a love strong enough
Don't worry I will carry your share for us
No matter how bad the storm
I will be strongest that he ever knew
And we'll leave you alone
Alone
We'll leave you alone
We'll leave you alone"
64,Alan Walker,Avalon,,2024,"November 11, 2024","Somewhere beyond your wildest dreams
There's an island waiting for you
Dark skies, metro underground
All of your dreams are coming true
There's a place we can go through the fire and the smoke
Come with me, on our way, we're at the end of the world
Where there's peace and we know through the valley there is gold
Brighter days, on our way, we're at the end of the world
Avalon
Avalon
Avalon
Gather ashes on the ground
Riches to be found, they're waiting
Gold dust lighting your escape
Nothing will ever be the same
There's a place we can go through the fire and the smoke
Come with me, on our way, we're at the end of the world
Where there's peace and we know through the valley there is gold
Brighter days, on our way, we're at the end of the world
Avalon
Avalon
Avalon"
65,Alan Walker,Ritual,,2022,"November 25, 2022","Your eyes alight in flames
Like lights along the way
The beautiful ones light up the world
So we don't feel invisible
We're not made for war
Not unbreakable
We're all lost in the night
Love is chemical
Hearts so flammable
When we turn off the lights
The ritual fires, they light up and guide us
Shinin' inside us, callin' out la-la-la
The ritual fires, the fall and the triumph
A beautiful riot in all of us, la-la-la, la-la-la
Oh, oh
Oh, oh
They light up and guide us, the ritual fires, la-la-la
Your eyes call out my namе
Tonight, we're all the samе
And we are the sun, light up the world
The darkness' doom, it's our ritual
We're not made for war
Not unbreakable
We're just lost in the night
Love is chemical
Heart so flammable
So just turn off the lights, yeah
The ritual fires, they light up and guide us
Shinin' like diamonds, callin' out la-la-la
The ritual fires, the fall and the triumph
A beautiful riot in all of us, la-la-la, la-la-la
Oh (Yeah, yeah), oh (Yeah, yeah)
Oh, oh
They light up and guide us, the ritual fires, la-la-la"
66,Alan Walker,Dreamer (BEAUZ & Heleen Remix),,2023,"April 23, 2023","Oh, broken dreamer, ease your mind
Oh, all the scars, let's leave them behind
We'll light the world up now, there's a fire in your eyes
Through the darkness, into the night
Oh, broken dreamer, ease your mind
Oh, all the scars, let's leave them behind
We'll light the world up now, there's a fire in your eyes
Through the darkness, into the night
Oh, brokеn dreamer, easе your mind
Oh, all the scars, let's leave them behind
We'll light the world up now, there's a fire in your eyes
Through the darkness, into the night
Oh, broken dreamer, ease your mind
Oh, all the scars, let's leave them behind
We'll light the world up now, there's a fire in your eyes
Through the darkness, into the night (The night, the night)
(Night, night, night, night, night, night)
The night (Night, night, night, night, night, night)
The night
Through the darkness, into the night (Put your fucking hands up)
Oh, broken dreamer, ease your mind
Oh, all the scars, let's leave them behind
We'll light the world up now, there's a fire in your eyes
Through the darkness, into the night"
67,Alan Walker,Heading_home_demo2016.wav,,2020,"April 1, 2020","I was so insatiable
'Til the lights came on and the stories got old
Now there's no one here, I know
And the city outside it's not the same anymore
And I, I remember when we were young
We'd write our names in the sand
So carelessly
Then the rain came and yours was gone
And now mine it stays alone
Nobody sees me, now I'm a one man show
I'll do this on my own
We knew it all, then  now this is all I know
Guess I'm heading home now
Guess I'm heading home now
When the music always played
With the sound of our lives and the sweetest escape
And the neighbors would complain
We would turn it up louder, who cares anyway?
'Cause we, we remember that we were young
Our lives, were grains in the sand
And made up castles and kingdoms of
Now the rains have torn them down
Nobody sees me, now I'm a one man show
I'll do this on my own
We knew it all, then  now this is all I know
Guess I'm heading home now"
68,Alan Walker,On My Way (Da Tweekaz Remix),,2019,"June 25, 2019","I'm sorry but, don't wanna talk
I need a moment 'fore I go, it's nothin' personal
I draw the blinds, they don't need to see me cry
'Cause even if they understand, they don't understand
So then, when I'm finished
I'm all 'bout my business and ready to save the world
I'm takin' my misery, make it my bitch
Can't be everyone's favorite girl
So take aim and fire away
I've never been so wide awake
No, nobody but me can keep me safe
And I'm on my way
The blood moon is on the rise
The fire burning in my eyes
No, nobody but me can keep me safe
And I'm on my way
(Blep!)
(I'm on my way)
So take aim and fire away
I've never been so wide awake
No, nobody but me can keep me safe
And I'm on my way
(I'm on my way)
(I'm on my way)
Everybody, everybody keep me safe
Everybody, everybody keep me safe
Everybody, everybody keep me safe
Everybody, everybody, everybody, on my way
So take aim and fire away
I've never been so wide awake
No, nobody but me can keep me safe
And I'm on my way
The blood moon is on the rise
The fire burning in my eyes
No, nobody but me can keep me safe
And I'm on my way
(I'm on my way)
The blood moon is on the rise
The fire burning in my eyes
No, nobody but me can keep me safe
And I'm on my way"
69,Alan Walker,Dust,,2025,"March 6, 2025","Sa sa sa save me, I don't need you to confess
Got some feelings in your chest
Always the same thing, At first you just play it nice
Then you tell me I'm your type
It's so predictable, nothing original
You love me bla bla bla bla bla
Here we go once again, swore that we were only friends
But now you love me to the end, no no no
Took a shot in the dark, I didn't mean to break your heart
But I told you from the start, no no no
Another heart bites the dust
Another heart bites the dust
Ca ca can't change me, yeah I've heard it all before
So leave it all at the door
So you can hate me, if it gets you moving on
I ain't gonna play along, no-oh
It's so predictable, nothing original
You love me bla bla bla bla bla
Here we go once again, swore that we were only friends
But now you love me to the end, no no no
Took a shot in the dark, I didn't mean to break your heart
But I told you from the start, no no no
Another heart bites the dust
Another heart bites the dust
Don't act like this is my fault
You're facing a downfall, without my love
You can keep playing your part
While another heart will bite the dust
Here we go once again, swore that we were only friends
But now you love me to the end, no no no
Took a shot in the dark, I didn't mean to break your heart
But I told you from the start, no no no
Another heart bites the dust
Another heart bites the dust
Another heart bites the dust"
70,Alan Walker,Dancing in Love,,2024,"December 19, 2024","It takes one night dancing in love
To know a lifetime's never enough
It takes one night livin' it up
When you find it, you'll never stop
We're dancing in love
Heard them say we'll all be born again
Never knew what that meant
But now I'm diving in
To a feeling that won't end
Nothing sweeter than this
Can't describe what it is
But the minute you get a taste
Nothing else feels the same
Hold on to it, never let it go
It's the eye of thе hurricane
Singing into the rain
If that's how it feels then you know
It takеs one night dancing in love
To know a lifetime's never enough
It takes one night livin' it up
When you find it you'll never stop
We're dancing in love
Mda, Mda, La di da
Mda, Mda, La di da
We're dancing in love
Mda, Mda, La di da
Mda, Mda, La di da
We're dancing in love
Even if were strangers in the dark
Every beat of the drum
Is the same in our hearts
Under cover of the stars
And we'll still be the same
Even when we're apart
But the minute you get a taste
Nothing else feels the same
Hold on to it, never let it go
It's the eye of the hurricane
Singing into the rain
If that's how it feels then you know
It takes one night dancing in love
To know a lifetime's never enough
It takes one night livin' it up
When you find it you'll never stop
We're dancing in love
Mda, Mda, La di da
Mda, Mda, La di da
We're dancing in love
Mda, Mda, La di da
Mda, Mda, La di da
We're dancing in love"
71,Alan Walker,"Alone, Pt. II (Da Tweekaz Remix)",,2020,"February 28, 2020","We were young, posters on the wall
Praying we're the ones that the teacher wouldn't call
We would stare at each other
'Cause we were always in trouble
And all the cool kids did their own thing
I was on the outside always looking in
Yeah, I was there but I wasn't
They never really cared if I wasn't
We all need that someone who gets you like no one else
Right when you need it the most
We all need a soul to rely on, a shoulder to cry on
A friend through the highs and the lows
I'm not gonna make it alone
I'm not gonna make it a-la, la-la-la-la-la, la, la-la-la-la-la, 'lone
I'm not gonna make it a-la, la-la-la-la-la, la, la-la-la-la-la, 'lone
I'm not gonna make it alone
I'm not gonna make it alone
I'm not gonna make it alone
Then I saw your face, your forgiving eyes
Looking back at me from the other side
Like you understood me
And I'm never letting you go, oh
We all need that someone who gets you like no one else
Right when you need it the most
We all need a soul to rely on, a shoulder to cry on
A friend through the highs and the lows
I'm not gonna make it a-la, la-la-la-la-la, la, la-la-la-la-la, 'lone
I'm not gonna make it a-la, la-la-la-la-la, la, la-la-la-la-la, 'lone
I'm not gonna make it alone
I'm not gonna make it alone
I'm not gonna make it a-la, la-la-la-la-la, la, la-la-la-la-la, 'lone
I'm not gonna make it a-la, la-la-la-la-la, la, la-la-la-la-la, 'lone
I'm not gonna make it alone"
72,Alan Walker,Spectre 2.0,,2023,"November 10, 2023","Hello, hello, we throw the dice
It's up to chance again
I don't know if I wanna know, wanna know
Hello, hello, I need to find a light
I see it in your eyes
Join me on this ride, as I dive into the night
Where you keep me, keep me company
When your tears are pouring down, you ain't got no one around
I can keep you, keep you company
I'll keep you company
I'll keep you company
Hello, hello,
where are you now?
I'm on my own again
I don't know if I'm coming home, coming home
Hello, hello, still answers left to find
We live, we love, we lie
Join me on this ride, as I dive into thе night
Where you keep me, keep mе company
When your tears are pouring down, you ain't got no one around
I can keep you, keep you company
I'll keep you company
I'll keep you company
I'll keep you company"
73,Alan Walker,Give Me Hope,,2025,"September 25, 2025","It hurt so much that I could never say I'm sorry
A thousand miles and there was nothing out there for me, yeah
Say you're gonna wait for me
Say you're gonna wait for me, wait for me now
Are you gonna wait for me?
Are you gonna wait for me, wait for me now?
Give me hope
'Cause everything I need is right within these four walls
Give me hope
No, I don't want to leave the place I used to call home
Just give me hope
Give me hope, give me hope
Just give me hope
Give me hope, give me hope
Just give me hope
Broken pictures tell me I never deserved you
Said I moved on, but darling, I just don't know how to
So I'm gonna wait for you
So I'm gonna wait for you, wait for you now
Yeah, I'm gonna wait for you
Find another way and we'll get there somehow, yeah
Give me hope
'Cause everything I need is right within these four walls
Give me hope
No, I don't want to leave the place I used to call home
Just give me hope
Give me hope, give me hope
Just give me hope
Give me hope, give me hope
Just give me hope"
74,Alan Walker,Blue,,2022,"June 17, 2022","हिन्दी (Hindi)
Lay next to me, come see the sky
It fuses with the mighty, mighty ocean
They fell in love like you and I
And now they rule and man cannot control them
They force the moon and sun
They never bow down to anyone
Whenever they strike, it's hit and run
Sea and sky, you and I
I never loved someone
But then I found you, now I'll belong
And you begin where I end, my love
Sea and sky, you and I
We're bluе, all the colors
Of sea and sky, you and I
We'rе blue, all the colors
Of sea and sky, you and I
I told you centuries ago
I'll lead the way and hold you in the darkness
We told the stars to guide us home
And we will make the world into a fortress
They force the moon and sun
They never bow down to anyone
Whenever they strike, it's hit and run
Sea and sky, you and I
I never loved someone
But then I found you, now I'll belong
And you begin where I end, my love
Sea and sky, you and I
We're blue, all the colors
Of sea and sky, you and I
We're blue, all the colors
Of sea and sky, you and I (You and I)
We're blue"
75,Alan Walker,OK,,2021,"November 26, 2021","It's so uncomfortable at times
Finding it so hard to say I'm broken (again)
The things we never talk about
I'm a bit afraid to let you know it
When I told you it was fine
It was just another lie
Just like boys don't cry
Lost in the threads of the little spider webs
Got me hiding in a corner
Trying not to call her
This is all a heartbreak
Just like you said
A fairy tale from hell
Thanks to everything you told me
Even though I'm lonely
Imma be OK
When I told you it was fine
It was just another lie
Saying boys don't cry
Lost in the threads of the little spider webs
Got me hiding in a corner
Trying not to call her
This is all a heartbreak
Just like you said
A fairy tale from hell
Thanks to everything you told me
Even though I'm lonely
Imma be OK
Imma be OK"
76,Alan Walker,Lovesick,,2022,"November 4, 2022","Every night before I sleep
I pray that you will come to me
A million, million miles away
We'll meet again someday
I know that we'll find a way
We'll sing a bitter melody
And add a sweeter harmony
A symphony we'll make
So sing for all the tears we cry
A song for when we say goodbye
Then every time we close our eyes
We'll hear our lovesick lullaby
I remember what you said
I got you stuck in my head
Did you think I would forget
The melodies you sang?
Oh babe, like nobody movеs me
You're playing my heartstrings
Likе la da di da da
So sing for all the tears we cry
A song for when we say goodbye
Then every time we close our eyes
We'll hear our lovesick lullaby
La la-la-la-la-la-la
La la la la
La la-la-la-la-la-la
La la la la
La la-la-la-la-la-la
La la-la-la-la-la-la
La la-la-la-la-la-la
We'll hear our lovesick lullaby (La la-la-la-la-la-la)
Sing for all the tears we cry
A song for when we say goodbye
Then every time we close our eyes
We’ll hear our lovesick lullaby"
77,Alan Walker,Extremes,,2022,"September 30, 2022","What if I told you I loved you?
What if I told you I lied?
Remember all of our hellos
As I tell you goodbye
Ooh, ooh
If you see me in a daze
I feel better out of place
It's true, ooh
I don't need to be saved
I'm a fucking renegade, uh
Highs, lows, I got no in-between
Baby, I know I've been talking in my sleep
Free-faller, I drown in the deep
Baby, I know I go to extremes
Extremes, extremes
Extremes, extremes
Extremes, extremes
'Cause, baby, I know I go to еxtremes
I'm always running on the wirе
I'm terrified of peace and quiet
I'm always running on the wire
I fall in love in the middle of the riot
Ooh, ooh
If you see me in a daze
I feel better out of place
It's true, ooh
I don't need to be saved
I'm a fucking renegade, uh
Highs, lows, I got no in-between
Baby, I know I've been talking in my sleep
Free-faller, I drown in the deep
Baby, I know, I go to extremes
Extremes, extremes
Extremes, extremes
Extremes, extremes
'Cause, baby, I know I go to extremes
(Go to extremes)
(Go to extremes)
Baby, I know I go to extremes"
78,Alan Walker,Lifeline,,2024,"August 7, 2024","Lost in your eyes tonight
Searching for a guiding light
Fallin' into you
My mind gets dark, so I'm...
Drowning in my alibi
Swimming in the blue
I don't dive into the sea
'Cause every time I jump, it pulls me deep
I tell you that I'm fine, but I'll be telling a lie
I was kind of hoping for a lifeline
I don't go into the waves
'Cause every time they crash, I don't feel safe
Yeah, I'm a little scared to put my life on the line
I was kind of hoping you're a lifeline
I was kind of hoping you're a lifeline
I was kind of hoping you're a lifеline
I'm callin' out your name
Can you hear mе through the wind and rain?
I'm really hopin' that you do (Ah-ah, ah-ah, ah)
'Cause now my heart start to race (Race)
Pick up the pace (Pace)
Thoughts in my head (Head)
Wish I'd forget, but I'm bound to you
Can you pull me through?
I don't dive into the sea
'Cause every time I jump, it pulls me deep
I tell you that I'm fine, but I'll be telling a lie
I was kind of hoping for a lifeline
I don't go into the waves
'Cause every time they crash, I don't feel safe
Yeah, I'm a little scared to put my life on the line
I was kind of hoping you're a lifeline
I was kind of hoping you're a lifeline
I was kind of hoping you're a lifeline"
79,Alan Walker,Forever Young,,2025,"January 17, 2025","Eyes closed
My hand out the window
Ridin' how the wind blows
I don't care where we go
I'll never come home
Runnin' from an echo
Gonna be a long road
I wanna feel it all
Can we steal the settin' sun?
Tell the minutes not to run?
Oh, when all is said and done
We can be forever young
Can we get out of this town?
Stop the hours countin' down?
Oh, when all is said and done
We can be forever young
Forever young
Forever young
I'll drive
Your future through the skyline
Rear view of a past life
I don't care where we fall
It's all beautiful
Speedin' in the moonlight
Slowin' down the good times
I wanna feel it all
Can we steal the settin' sun?
Tell the minutes not to run?
Oh, when all is said and done
We can be forever young
Can we get out of this town?
Stop the hours countin' down?
Oh, when all is said and done
We can be forever young
We can be forever young
Forever young"
80,Alan Walker,Yesterday,,2023,"November 10, 2023","Held your hand in a dream I had in New York
But I never turned around to see your face
Two drunk kids on a boulevard, you faded
Woke up to another empty bed
Now I'm choking
No one knows how I feel
Now you're gone
I don't know what's real
I close my eyes and make tomorrow yesterday
I miss your smile like the deserts miss the rain
Ten thousand tears but you would dry them all away
If I could make tomorrow yesterday
Yesterday, yesterday
Tomorrow yesterday
Tomorrow yesterday
We'd head west in a car we can't afford yeah
Flaming lips looking at the stars just friends
I watch the moonlight dancin' on, on the water
'Cause I see your face in everything
Now I'm choking
No one knows how I feel
Now you're gone
I don't know what's real
I close my eyes and make tomorrow yesterday
I miss your smile like the deserts miss the rain
Ten thousand tears but you would dry them all away
If I could make tomorrow yesterday
Yesterday, yesterday
Tomorrow yesterday
Tomorrow yesterday
Now I'm choking
No one knows how I feel
Now you're gone
I don't know what's real"
81,Alan Walker,Land Of The Heroes,,2023,"July 7, 2023","Heroes, ah
Step into the unknown
Unknown
(Heroes)
Step into the unknown
'Cause this is where dreams are born
Million miles away
But it still feels like home
In the land of heroes
In the land of heroes
Step into the unknown
Heroes
Step into the unknown
Heroes
In the land of the heroes
Step into the unknown
'Cause this is where dreams are born
Million miles away
But it still feels likе home
In the land of the hеroes
Step into the unknown
Step into the unknown (
Heroes
Heroes (
A million miles away
(Step in to the land of heroes)"
82,Alan Walker,Land Of The Heroes (Arabic Version),,2023,"August 30, 2023","Heroes, ah
Step into the unknown
يلا كلنا نغني أمانينا
نعيش الحلم، نصدق معانينا
نغم يشبهنا ويردد أسامينا
Step into the unknown
'Cause this is where dreams are born
Million miles away
But it still feels like home
In the land of the heroes
Step into the unknown
In the land of the heroes
يلا كلنا نغني أمانينا
نعيش الحلم، نصدق معانينا
نغم يشبهنا ويردد أسامينا
حكاية عن يقين وقوة وأمل
يملاها الطموح وهمة الأجيال
حدود الكون ما عادت تكفينا
Step into the unknown
'Cause this is where dreams are born
Million miles away
But it still feels like home
In the land of the heroes
Step into the unknown
Heroes"
83,Alan Walker,Heartbreak Melody,,2025,"July 18, 2025","La-da-da-di, da-da, da-da
La-da-da-di, da-da, da-da
I'm dancing in my leather dress
Got lipstick on my cigarette
Do anything to help forget
The knife in my heart that you left
This shit is a mess
All this pain in my lungs disappears, goes to none
When I'm dancing, when I'm dancing
Feel the drink, feel the drums, when I move, it goes numb
It goes absent, it goes absent, oh
No, I can't take another song
Another heartbreak melody
I'm in my head, already gone
I need a late-night remedy
I don't need to fall in love
So play something that lifts me up
No, I can't take anothеr song
Another heartbreak mеlody
Melody, melody, melody
La-da-da-di, da-da, da-da
La-da-da-di, da-da, da-da
La-da-da-di-da, la-da-da-da-di-da
La-da-di, da-da-da
Another heartbreak melody
Da-da, da-da
La-da-da-di, da-da, da-da
La-da-da-di-da, la-da-da-da-di-da
La-da-di, da-da-da
Another heartbreak
Kissing strangers just for fun
But every face turns into one
Oh, all I know is how to run
From things that are too hard to face
So please turn it up
All this pain in my lungs disappears, goes to none
When I'm dancing, when I'm dancing
Feel the drink, feel the drums, when I move, it goes numb
It goes absent, it goes absent, oh
No, I can't take another song
Another heartbreak melody
I'm in my head, already gone
I need a late-night remedy
I don't need to fall in love
So play something that lifts me up
No, I can't take another song
Another heartbreak melody
Melody, melody, melody
La-da-da-di, da-da, da-da
La-da-da-di, da-da, da-da
La-da-da-di-da, la-da-da-da-di-da
La-da-di, da-da-da
Another heartbreak melody
Da-da, da-da
La-da-da-di, da-da, da-da
La-da-da-di-da, la-da-da-da-di-da
La-da-di, da-da-da
Another heartbreak melody"
84,Alan Walker,135,,2013,"July 27, 2013","(Reporting District Division Plus Master Beats)
In 4, 3, 2, 1...
(Reporting District Division Plus Master Beats)
In 4, 3, 2, 1..."
85,Alan Walker,All Falls Down (Steve Aoki Remix),,2017,"December 1, 2017","What's the trick? I wish I knew
I'm so done with thinking through
All the things I could've been
And I know you wonder too
All it takes is that one look you do and I run right back to you
You cross the line and it's time to say ""F"" you
What's the point in saying that
When you know how I'll react?
You think you can just take it back
But shit just don't work like that
You're the drug that I'm addicted to, and I want you so bad
Guess I'm stuck, with you, and that's that
'Cause when it all falls down, then whatever
When it don't work out for the better
If it just ain't right, and it's time to say goodbye
When it all falls down, when it all falls down
I'll be fine
When it all falls down
I'll be fine
I'll be fine
You're the drug that I'm addicted to
And I want you so bad, but I'll be fine (fine, fine, fine)
Why we fight? I don't know
We say what hurts the most
Oh, I tried staying cold, but you take it personal
All these firing shots and making ground
It's way too hard to cope, but I still can't let you go
'Cause when it all falls down, then whatever
When it don't work out for the better
If it just ain't right, and it's time to say goodbye
When it all falls down, when it all falls down
I'll be fine
When it all falls down
I'll be fine
I'll be fine
You're the drug that I'm addicted to
And I want you so bad, but I'll be fine (Fine, fine, fine)
(All falls down)
I'll be fine, fine, fine
I'll be fine, fine, fine
(All falls down)
I'll be fine, fine, fine
I'll be fine, fine, fine
(All falls down)
I'll be fine, fine, fine
I'll be fine, fine, fine
(All falls down)
I'll be fine, fine, fine
I'll be fine, fine, fine"
86,Alan Walker,Faded (Dash Berlin Remix),,2016,"April 29, 2016","You were the shadow to my light
Did you feel us?
Another star, you fade away
Afraid our aim is out of sight
Wanna see us alight
Where are you now?
Where are you now?
Where are you now?
Was it all in my fantasy?
Where are you now?
Were you only imaginary?
Where are you now?
Atlantis, under the sea, under the sea
Where are you now? Another dream
The monster's running wild inside of me
I'm faded
I'm faded
I'm faded
I'm faded
Where are you now?
I'm faded"
87,Alan Walker,"When I Grow Up (Young, Wild, & Free)",,2024,"October 11, 2024","When I grow up, I wanna be like me
Can't tell me nothing, 'bout who to be
When I grow up, I wanna be like me
Can't stop me runnin' young, wild and free
Livin' life in fast pace
Traded all my tours for foreplay
Sleepless nights turned to slumber parties
Looking juice tryna Coke and Bacardi
From daydreams and stories
That I live now, night till morning
From crawlin' to walkin'
Now I run the game like Spalding
Hands up in the air if you livin' life young, wild, and free
Made something out of nothing from a dollar and a dream
Close my eyes and see my younger self smilin', smilin' at me
Looking back is funny 'cause I said
When I grow up, I wanna be likе me
Can't tell me nothing, 'bout who to bе
When I grow up, I wanna be like me
Can't stop me running young, wild and free
When I grow up
Can't tell me nothing
When I grow up
Can't stop me running
When I grow up
Catch a bad chick by her toe
Be my little eenie meenie till I pick some more
Good brain you make honor roll
I'm a cat, I'm a dog, I'm a PAW Patrol
Back then they didn't want me now
Mike Jones they all up on me
From free throws to soarin'
Shoot my shot, they jump like Jordan, yeah
When you run the game this long it starts to jog your memory
Learning ABCs to traveling global from A through Z
Cold shoulders turn to Miami heat and all through the club
Livin' out my childhood dreams, I say one day
When I grow up, I wanna be like me (Just like me)
Can't tell me nothing, 'bout who to be (Yeah, yeah)
When I grow up (when I grow up), I wanna be like me (I wanna be like me)
Can't stop me runnin' (Can't stop me runnin') young, wild and free (Ayy)
When I grow up
Can't tell me nothing (Can't stop me)
When I grow up (All the way up, all the way up)
Can't stop me runnin' (Yeah)
When I grow up"
88,Alan Walker,Faded (Tiësto’s Northern Lights Remix),,2016,"April 29, 2016","You were the shadow to my light, did you feel us?
Another star, you fade away
Afraid our aim is out of sight, wanna see us
Alight
Where are you now?
Where are you now?
Where are you now?
Was it all in my fantasy?
Where are you now?
Were you only imaginary?
Where are you now?
Where are you now? Atlantis
Under the sea, under the sea
Where are you now? Another dream
The monster's running wild inside of me
I'm faded, I'm faded
So lost, I'm faded, I'm faded
So lost, I'm faded
I'm faded
These shallow waters never met what I needed
I'm letting go, a deeper dive
Eternal silence of the sea, I'm breathing
Alive
Where are you now?
Where are you now?
Under the bright but faded lights
You set my heart on fire
Where are you now?
Where are you now?
Where are you now? Atlantis
Under the sea, under the sea
Where are you now? Another dream
The monster's running wild inside of me
I'm faded, I'm faded
So lost, I'm faded, I'm faded
So lost, I'm faded"
89,Alan Walker,"Alone, Pt. II (Rugged Remix)",,2020,"February 28, 2020","We were young, posters on the wall
Praying we're the ones that the teacher wouldn't call
We would stare at each other
'Cause we were always in trouble
And all the cool kids did their own thing
I was on the outside always looking in
Yeah, I was there but I wasn't
They never really cared if I wasn't
We all need that someone who gets you like no one else
Right when you need it the most
We all need a soul to rely on, a shoulder to cry on
A friend through the highs and the lows
I'm not gonna make it a-la, la-la-la-la-la, la, la-la-la-la-la, 'lone
I'm not gonna make it a-la, la-la-la-la-la, la, la-la-la-la-la, 'lone
I'm not gonna make it alone
I'm not gonna make it alone
I'm not gonna make it al-
Then I saw your face, your forgiving eyes
Looking back at me from the other side
Like you understood me
And I'm never letting you go, oh
We all need that someone who gets you like no one else
Right when you need it the most
We all need a soul to rely on, a shoulder to cry on
A friend through the highs and the lows
I'm not gonna make it a-la, la-la-la-la-la, la, la-la-la-la-la, 'lone
I'm not gonna make it a-la, la-la-la-la-la, la, la-la-la-la-la, 'lone
I'm not gonna make it alone
I'm not gonna make it alone
I'm not gonna make it al-"
90,Alan Walker,Born to Ride,,2023,"November 10, 2023","Head to my heart, hand on your chest
I have the best of intentions
I've played my part but who did the rest?
No wasting breath on redemption
Who do you love when it isn't me?
'Cause we fall apart inevitably
Sometimes what you want just ain't what you need
And you know me
Baby, I was born to run
Baby, I was born to ride
Ain't nobody ever gonna slow me down
'Cause I'm
Looking for the number one
Only me, myself and I
Ain't nobody ever gonna hold me down
Baby, I was born to ride
Hand to the wind, head in the sky
Yeah, baby, that's where I'm headed
But you fenced me in for too long a time
So, let's forgive and forget it
I'm not the one, it's easy to see
'Cause we fall apart inevitably
Sometimes what you want just ain't what you need
And you know me
Baby, I was born to run
Baby, I was born to ride
Ain't nobody ever gonna slow me down
'Cause I'm
Looking for the number one
Only me, myself and I
Ain't nobody ever gonna hold me down
Baby, I was born to ride"
91,Alan Walker,"Alone, Pt. II (Live at Château de Fontainebleau)",,2020,"February 21, 2020","We were young, posters on the wall
Praying we're the ones that the teacher wouldn't call
We would stare at each other
'Cause we were always in trouble
And all the cool kids did their own thing
I was on the outside always looking in
Yeah, I was there but I wasn't
They never really cared if I wasn't
We all need that someone who gets you like no one else
Right when you need it the most
We all need a soul to rely on, a shoulder to cry on
A friend through the highs and the lows
I'm not gonna make it a-la, la-la-la-la-la, la, la-la-la-la-la, 'lone
I'm not gonna make it a-la, la-la-la-la-la, la, la-la-la-la-la, 'lone
Then I saw your face, your forgiving eyes
Looking back at me from the other side
Like you understood me
And I'm never letting you go, oh
We all need that someone who gets you like no one else
Right when you need it the most
We all need a soul to rely on, a shoulder to cry on
A friend through the highs and the lows
I'm not gonna make it a-la, la-la-la-la-la, la, la-la-la-la-la, 'lone
I'm not gonna make it a-la, la-la-la-la-la, la, la-la-la-la-la, 'lone
I'm not gonna make it a-la, la-la-la-la-la, la, la-la-la-la-la, 'lone
I'm not gonna make it a-la, la-la-la-la-la, la, la-la-la-la-la, 'lone
I'm not gonna make it alone (La, la-la-la-la-la, 'lone)
I'm not gonna make it a-la, la-la-la-la-la, la, la-la-la-la-la, 'lone
'Cause you are that someone that gets me like no one else
Right when I need it the most
And I'll be the one you rely on, a shoulder to cry on
A friend through the highs and the lows
I'm not gonna make it a-la, la-la-la-la-la, la, la-la-la-la-la, 'lone
I'm not gonna make it a-la, la-la-la-la-la, la, la-la-la-la-la, 'lone
I'm not gonna make it a-la, la-la-la-la-la, la, la-la-la-la-la, 'lone
I'm not gonna make it a-la, la-la-la-la-la, la, la-la-la-la-la, 'lone
I'm not gonna make it alone"
92,Alan Walker,Faded (Tungevaag & Raaban Remix),,2016,"April 29, 2016","You were the shadow to my light, did you feel us?
Another star, you fade away
Afraid our aim is out of sight, wanna see us
Alight
Where are you now?
Where are you now?
Where are you now?
Was it all in my fantasy?
Where are you now?
Were you only imaginary?
Where are you now?
Where are you now?
The monster's running wild inside of me
I'm faded
The monster's running wild inside of me
I'm faded
These shallow waters never met what I needed
I'm letting go, a deeper dive
Eternal silence of the sea, I'm breathing
Alive
Where are you now?
Where are you now?
Under the bright but faded lights
You set my heart on fire
Where are you now?
Where are you now?
The monster's running wild inside of me
I'm faded"
93,Alan Walker,Story of a Bird,,2025,"May 9, 2025","English
Romanization
खुली आँखों से
मैंने जो सपना देखा है
वो कितना सच हुआ है
कितना अधूरा रह गया है
जाने कहाँ मंज़िल (मंज़िल)
जाने कहाँ मेरा पता है (पता है)
कभी न पूछा खुद से अब तक कितना सफर तय किया है
अब देखना है
हवा में जैसे पंछी उड़ता है
हवा से मानो लड़ने चल पढ़ा है
पा ही लेगा आसमान, ऊह-ऊ-ऊ
अब देखना है
आँधियों से जो उठा धुआँ है
वो धुंए से पार हो गया तो
पा ही लेगा ये जहान, ऊह-ऊ-ऊ
देखना है जो
देखना है जो
देखना है जो
पा ही लेगा आसमान, ऊह-ऊ-ऊ
देखना है जो
देखना है जो
देखना है जो
पा ही लेगा ये जहान, ऊह-ऊ-ऊ
वो फिकर छोड़ चुका है
खुद से पहली बार मिला है
खुद से पहला प्यार हुआ है
वापस न आएगा, ऊह-ऊ-ऊ
वो पंछी मुझसा लगा तो
मैंने एक कहानी लिखी
वो खुद से तो कह न सकेगा
तो अपनी ज़ुबानी लिखी
अब देखना है
हवा में जैसे पंछी उड़ता है
हवा से मानो लड़ने चल पढ़ा है
पा ही लेगा आसमान, ऊह-ऊ-ऊ
अब देखना है
आँधियों से जो उठा धुआँ है
वो धुंए से पार हो गया तो
पा ही लेगा ये जहान, ऊह-ऊ-ऊ
देखना है
पा ही लेगा ये जहान, ऊह-ऊ-ऊ
अब देखना है
हवा में जैसे पंछी उड़ता है
हवा से मानो लड़ने चल पढ़ा है
पा ही लेगा आसमान, ऊह-ऊ-ऊ
अब देखना है
आँधियों से जो उठा धुआँ है
वो धुंए से पार हो गया तो
पा ही लेगा ये जहान, ऊह-ऊ-ऊ"
94,Alan Walker,Faded (Tiësto’s Deep House Remix),,2016,"April 29, 2016","Where are you now?
Where are you now?
Where are you now?
Was it all in my fantasy?
Where are you now?
Were you only imaginary?
Where are you now?
Where are you now?
Under the bright but faded lights
You set my heart on fire
Where are you now?
Where are you now?
I'm faded, I'm faded
So lost
Where are you now?
Where are you now?
Where are you now?
Where are you now?
Was it all in my fantasy?
Where are you now?
Were you only imaginary?
Where are you now?
I'm faded
Where are you now?
I'm faded
Where are you now?
I'm faded
Where are you now?
I'm faded
Where are you now?
I'm faded
Where are you now? Atlantis
Under the sea, under the sea
Where are you now? Another dream
The monster's running wild inside of me
I'm faded, I'm faded
So lost, I'm faded, I'm faded
So lost, I'm faded
Where are you now?
Where are you now?
Where are you now?
Where are you now?
Was it all in my fantasy?
Where are you now?
Were you only imaginary?
Where are you now?
I'm faded
Where are you now?
I'm faded
So lost, I'm faded
I'm faded
I'm faded
So lost, I'm faded"
95,Alan Walker,Wake Up,,2024,"July 31, 2024","Welcome
Ladies and gentlemen
May I have your attention please
As we go through the following safety instructions
System malfunction
Prepare for light speed
Scanning
Access granted
System malfunction"
96,Alan Walker,Warpaint,,2025,"January 10, 2025","I can feel the enemy
Reaching through the mirror, draining me day and night
Nothing that was done to me
Compares to the terrors dwelling in my state of mind
Where's my redemption? Make me a legend
My resurrection is in your hands
Where's your compassion? Too much aggression
I raise my weapons where I stand
So don't you forget where you came from (No)
We grew from the ground, from the dirt, yeah
If you only knew what you made of (Yeah)
You wouldn't doubt that you're ready (Ooh-ooh-ooh)
'Cause you are the warrior, you are the warrior
We are the warriors (Ooh-ooh-ooh)
You are the warrior, you are the warrior
We are the warriors
So let them know
This blood is my warpaint
This sweat is my warpaint
These tears are my warpaint, eh, eh
So let them know
This blood is my warpaint (This is my warpaint)
This sweat is my warpaint (This is my warpaint)
These tears are my warpaint, eh, eh (This is my warpaint)
So let them know
You should never cry for me
Bury me a soldier in a uniform of dreams
Everything has died in me
But I would do it over, every little choice I've made
Where's my redemption? Make me a legend
My resurrection is in your hands
Where's your compassion? Too much aggression
I raise my weapons where I stand
So don't you forget where you came from (No)
We grew from the ground, from the dirt, yeah
If you only knew what you made of (Yeah)
You wouldn't doubt that you're ready (Ooh-ooh-ooh)
'Cause you are the warrior, you are the warrior
We are the warriors (Ooh-ooh-ooh)
You are the warrior, you are the warrior
We are the warriors
So let them know
This blood is my warpaint
This sweat is my warpaint
These tears are my warpaint, eh, eh
So let them know
This blood is my warpaint (This is my warpaint)
This sweat is my warpaint (This is my warpaint)
These tears are my warpaint, eh, eh (This is my warpaint)
So I learned how to love my battle scars (I love my battle scars)
'Til every cut, every stitch is not ignored (I've gotta learn to love)
And I swear I can learn how to love my battle scars (I love my battle scars)
I know I'll never find my peace without the war (I've gotta learn to love)
Until I love my battle scars"
97,Alan Walker,Incommunicado,,2025,"January 10, 2025","Take us to places, an oasis
Where we don't remember
Lying by your side under bright lights
We'll stay here forever
Let's go incommunicado
For the weekend
Nobody else around
Let's go incommunicado
Just you and me and
Somewhere we won't be found
Happy, feel an emotional wave
And I'm happy
Happy, feel an emotional wave
And I'm happy
Happy
And I'm happy
Happy, feel an emotional wave
And I'm happy
Take us to places, an oasis
Where we don't remember
Lying by your side under bright lights
We'll stay here forever
Let's go incommunicado
For the weekend
Nobody else around
Let's go incommunicado
Just you and me and
Somewhere we won't be found
Happy, feel an emotional wave
And I'm happy
Happy, feel an emotional wave
And I'm happy
Happy
And I'm happy
Happy, feel an emotional wave
And I'm happy
Let's go incommunicado
For the weekend
Nobody else around
Let's go incommunicado
Just you and me and
Somewhere we won't be found"
98,Alan Walker,Sunday & Sing Me To Sleep (Live),,2017,"March 4, 2017","Wait a second, let me catch my breath
Remind me how it feels to hear your voice
Your lips are movin', I can't hear a thing
Livin' life as if we had a choice
Anywhere, anytime
I would do anything for you
Anything for you
Yesterday got away
Melodies stuck inside your head
A song in every breath
Sing me to sleep now
Sing me to sleep
Sing me to sleep now
Sing me to sleep
Remember me now, time cannot erase
I can hear your whispers in my mind
I've become what you cannot embrace
Our memory will be my lullaby
Sing me to sleep now
Sing me to sleep
Sing me to sleep now
Sing me to sleep"
99,Alan Walker,Diamond Heart (Syn Cole Remix),,2018,"November 3, 2018","Hello, sweet grief
I know you'll be the death of me
Feel like the morning after ecstasy
I am drowning in an endless sea
Hello, old friend
Here’s the misery that knows no end
So I'm doing everything I can
To make sure I never love again
I wish that I did not know
Where all broken lovers go
I wish that my heart was made of stone
Yeah, if I was bulletproof
I'd love you black and blue
If I was solid like a jewel
If I had a diamond heart, oh, oh
I’d give you all my love if I was unbreakable
If I had a diamond heart, oh, oh
You could shoot me with a gun of gold
If I was unbreakable
I'd walk straight through the bullet
Bendin' like a tulip, blue-eyed and foolish
Never mind the bruises
Into the fire, breakin' through the wires
Give you all I've got
(If I had a diamond heart)
I'd walk straight through the dagger
Never break the pattern
Diamonds don't shatter, beautiful and battered
Into the poison, cry you an ocean
Give you all I've got
If...
Goodbye, so long
I don’t know if this is right or wrong
Am I giving up where I belong?
’Cause every station's playing our song
Goodbye, my love
You are everything my dreams made up
You’ll be Prince and I'm the crying dove
If I only were unbreakable
I wish that I did not know (ooh)
Where all broken lovers go (ooh)
I wish that my heart was made of stone
(I wish that my heart was made of stone)
Yeah, if I was bulletproof
I'd love you black and blue
If I was solid like a jewel
If I had a diamond heart, oh oh
I'd give you all my love if I was unbreakable
If I had a diamond heart, oh oh
You could shoot me with a gun of gold
If I was unbreakable
I’d walk straight through the bullet
Bendin' like a tulip, blue-eyed and foolish
Never mind the bruises
Into the fire, breakin' through the wires
Give you all I've got
(If I had a diamond heart)
I'd walk straight through the dagger
Never break the pattern
Diamonds don't shatter, beautiful and battered
Into the poison, cry you an ocean
Give you all I've got"
100,Alan Walker,Alone (Lost Frequencies Remix),,2017,"January 1, 2017","Lost in your mind
I wanna know
Am I losing my mind?
Never let me go
If this night is not forever
At least we are together
I know I'm not alone
I know I'm not alone
Anywhere, whenever
Apart, but still together
I know I'm not alone
I know I'm not alone
I know I'm not alone
I know I'm not alone
Unconscious mind
I'm wide awake
Wanna feel one last time
Take my pain away
If this night is not forever
At least we are together
I know I'm not alone
I know I'm not alone
Anywhere, whenever
Apart, but still together
I know I'm not alone
I know I'm not alone
I know I'm not alone
I know I'm not alone
I'm not alone, I'm not alone, I'm not alone
I know I'm not alone
I'm not alone, I'm not alone, I'm not alone
I know I'm not alone"
101,Alan Walker,Welcome to Walkerworld,,2023,"November 10, 2023","“Welcome to Walkerworld” is the opening track on Alan Walker’s fourth album Walkerworld. It samples the ninth track “Land Of The Heroes” and its Arabic version.
Step into the unknown
'Cause this is where dreams are born
Million miles away
But it still feels like home
In the land of heroes
يلا كلنا نغني أمانينا
نعيش الحلم، نصدق معانينا
نغم يشبهنا ويردد أسامينا
Step into the unknown
'Cause this is where dreams are born
Million miles away
But it still feels like home
In the land of heroes"
102,Alan Walker,Moonshine,,2025,"October 17, 2025","Tried so hard, but I can't deny
Lovin' you's like drinkin' moonshine
Burns my throat, but ya so damn fine
Leaves me stumblin' every time
Met you where the Kudzu climbs
By the creek past your daddy's pines
You played that tune and I swore it's mine
You smile slow like a loaded gun
Tried so hard, but I can't deny
Lovin' you's like drinkin' moonshine
Burns my throat, but ya so damn fine
Leaves me stumblin' every time
It ain't right to say you're mine
But I still drink you up like homemade wine
Swore that I would say goodbye
But I just can't seem to cut these ties
Cut these vines
I wish it wasn't true
But I'm still drunk on you
I'm still drunk on you
Ya swear you changed, but we know better
But baby, aren't we better together?
If wrong feels this good with you
Then what the hell's the right thing to do?
Tried so hard, but I can't deny
Lovin' you's like drinkin' moonshine
Burns my throat, but ya so damn fine
Leaves me stumblin' every time
It ain't right to say you're mine
But I still drink you up like homemade wine
Swore that I would say goodbye
But I just can't seem to cut these ties
Cut these vines
I wish it wasn't true
But I'm still drunk on you
I'm still drunk on you
I'm still drunk on you"
103,Alan Walker,Tired (Axollo Remix),,2017,"July 14, 2017","I see those tears in your eyes
I feel so helpless inside
Oh love, there's no need to hide
Just let me love you when your heart is tired
Cold hands, red eyes
Packed your bags at midnight
They've been there for weeks
I don't know what came by me
Just roll up a cigarette
Just forget about this mess
Been waiting on the sidelines
From the sidelines
I see those tears in your eyes
And I feel so helpless inside
Oh love, there's no need to hide
Just let me love you when your heart is tired
If your ghost pulls you apart
And it feels like you've lost who you are
My love, there's no need to hide
Just let me love you when your heart is tired
I see those tears in your eyes
And I feel so helpless inside
Oh love, there's no need to hide
Just let me love you when your heart is tired
When you whisper, I'm alright
But I see through your white lies
But these walls don’t talk
And if they could, they’d say
Can't hide the secrets
You can't forget about this mess
I'm waiting on the sidelines
From the sidelines
I see those tears in your eyes
And I feel so helpless inside
Oh love, there's no need to hide
Just let me love you when your heart is tired
If your ghost pulls you apart
And it feels like you've lost who you are
My love, there's no need to hide
Just let me love you when your heart is tired
I see those tears in your eyes
And I feel so helpless inside
Oh love, there's no need to hide
Just let me love you when your heart is tired
Just let me love you when your heart is tired"
104,Alan Walker,Sorry (Albert Vishi Remix),,2021,"February 12, 2021","Confetti is falling
At five in the morning
They're screaming and crying
But I'm all by myself
I know you, I'm sorry
I made up a story
I'm lonely, I'm falling
Just like you, I'm sorry
I'm sorry
I'm sorry
I know you, I'm sorry
I made up a story
I'm lonely, I'm falling
Just like you, I'm sorry
I know you, I'm sorry
I made up a story
I'm lonely, I'm falling
Just like you, I'm sorry
Lo-lo-ha-he-ey-yo-la
Lo-lo-ho-lo-le-lo-la
Lo-lo, lo-lo
Lo-lo-ho-lo-le-lo-la
Lo-lo-ho-lo-le-lo-la
Lo-lo-ho-lo-le-lo-la
Lo-lo-le-ho-le
Confetti is falling
At five in the morning
They're screaming and crying
But I'm all by myself
I know you, I'm sorry
I made up a story
I'm lonely, I'm falling
Just like you, I'm sorry"
105,Alan Walker,"Alone, Pt. II (Retrovision Remix)",,2020,"February 28, 2020","We were young, posters on the wall
Praying we're the ones that the teacher wouldn't call
We would stare at each other
'Cause we were always in trouble
And all the cool kids did their own thing
I was on the outside always looking in
Yeah, I was there but I wasn't
They never really cared if I wasn't
We all need that someone who gets you like no one else
Right when you need it the most
We all need a soul to rely on, a shoulder to cry on
A friend through the highs and the lows
I'm not gonna make it a la, la...
(I'm not gonna make it a-)
Then I saw your face, your forgiving eyes
Looking back at me from the other side
Like you understood me
And I'm never letting you go, oh
We all need that someone who gets you like no one else
Right when you need it the most
We all need a soul to rely on, a shoulder to cry on
A friend through the highs and the lows
I'm not gonna make it a la, la...
(I'm not gonna make it a-)"
106,Alan Walker,On My Way (Slowed Remix),,2022,"July 15, 2022","I'm sorry but, don't wanna talk
I need a moment before I go, it's nothing personal
I draw the blinds, they don't need to see me cry
'Cause even if they understand, they don't understand
So then, when I'm finished
I'm all 'bout my business and ready to save the world
I'm taking my misery, make it my bitch
Can't be everyone's favorite girl
So take aim and fire away
I've never been so wide awake
No, nobody but me can keep me safe
And I'm on my way
The blood moon is on the rise
The fire burning in my eyes
No, nobody but me can keep me safe
And I'm on my way
Blep, yah, yah
Farru
Yah-yah-yah-yah
Lo siento mucho (Farru), pero me voy (Eh)
Porque a tu lado me di cuenta que nada soy (Eh-ey)
Y me cansé de luchar y de guerrear en vano
De estar en la línea de fuego y de meter la mano
Acepto mis errores, también soy humano
Y tú no ves que lo hago porque te amo (Pu-pu-pu-pum)
Pero ya (Ya), no tengo más na' que hacer aquí (Aquí)
Me voy, llegó la hora 'e partir (Partir)
De mi propio camino, seguiré lejos de ti
So take aim and fire away
I've never been so wide awake
No, nobody but me can keep me safe
And I'm on my way
The blood moon is on the rise (Is on the rise, na-na)
The fire burning in my eyes (The fire burning in my eyes, no)
No, nobody but me can keep me safe
And I'm on my way
Blep
I'm on my way
Everybody, everybody keep me safe
Everybody, everybody keep me safe
Everybody, everybody keep me safe
Everybody, everybody keep me safe
Everybody, everybody on my way
So take aim and fire away
I've never been so wide awake
No, nobody but me can keep me safe
And I'm on my way
The blood moon is on the rise
The fire burning in my eyes
No, nobody but me can keep me safe
And I'm on my way"
107,Alan Walker,Avalon (End Of The World),,2024,"November 11, 2024","Somewhere beyond your wildest dreams
There's an island waiting for you
Dark skies, Metro under ground
All of your dreams coming through
There's a place, we can go
Through the fire and the smoke
Come with me, on our way
We’re at the end of the world
Where there’s peace, and we know
Through the valley, there is gold
Brighter days, on our way
We’re at the еnd of the world
Avalon
Avalon
Gather ashes on thе ground
Riches to be found, there waiting
Gold dust lighting your escape
Nothing will ever be the same
There's a place, we can go
Through the fire and the smoke
Come with me, on our way
We’re at the end of the world
Where there’s peace, and we know
Through the valley, there is gold
Brighter days, on our way
We’re at the end of the world
Avalon
Avalon"
108,Alan Walker,"Alone, Pt. II (Sped up Remix)",,2022,"July 22, 2022","We were young, posters on the wall
Praying we're the ones that the teacher wouldn't call
We would stare at each other
'Cause we were always in trouble
And all the cool kids did their own thing
I was on the outside always looking in
Yeah, I was there but I wasn't
They never really cared if I wasn't
We all need that someone who gets you like no one else
Right when you need it thе most
We all need a soul to rely on, a shoulder to cry on
A friеnd through the highs and the lows
I'm not gonna make it a-la, la-la-la-la-la, la, la-la-la-la-la, 'lone
I'm not gonna make it a-la, la-la-la-la-la, la, la-la-la-la-la, 'lone
Then I saw your face, your forgiving eyes
Looking back at me from the other side
Like you understood me
And I'm never letting you go, oh
We all need that someone who gets you like no one else
Right when you need it the most
We all need a soul to rely on, a shoulder to cry on
A friend through the highs and the lows
I'm not gonna make it a-la, la-la-la-la-la, la, la-la-la-la-la, 'lone
I'm not gonna make it a-la, la-la-la-la-la, la, la-la-la-la-la, 'lone
I'm not gonna make it a-la, la-la-la-la-la, la, la-la-la-la-la, 'lone
I'm not gonna make it a-la, la-la-la-la-la, la, la-la-la-la-la, 'lone
I'm not gonna make it alone (La, la-la-la-la-la, 'lone)
I'm not gonna make it a-la, la-la-la-la-la, la, la-la-la-la-la, 'lone
'Cause you are that someone that gets me like no one else
Right when I need it the most
And I'll be the one you rely on, a shoulder to cry on
A friend through the highs and the lows
I'm not gonna make it a-la, la-la-la-la-la, la, la-la-la-la-la, 'lone ('Lone)
I'm not gonna make it a-la, la-la-la-la-la, la, la-la-la-la-la, 'lone (No, woah)
I'm not gonna make it a-la, la-la-la-la-la, la, la-la-la-la-la, 'lone (It alone, 'lone, 'lone)
I'm not gonna make it a-la, la-la-la-la-la, la, la-la-la-la-la, 'lone (No, no, no, no)
I'm not gonna make it alone"
109,Alan Walker,心路 (Xin Lu) (Not You 中文版) (Chinese Version),,,,"Cong ren hai
Zou chulai
Neng fou zhuang zuo mei name gudan
Ba taren de xi bei dou huaichuai
Ye jiu duo yitian canchuan
Dao xianzai cai mingbai
Shi yihan rang wo chixu de dengdai
Jishi mingyun conglai bu kangkai ye yijiu kuai shihuai
Woo
Neixin shen chu woo
Woo
Na tiao lu woo
Woo
Ke ceng tong wang gudu woo
Ba xinghai chuan qilai wan jia denghuo you duome wennuan
Jiang xinzhong de hui’an dou qusan
Dian liang na yipian lanshan
Er houlai wo bu zai
Qu gantan suoyou deshi yu changhuan
Congci mingyun nianzhuan song ni lai wo kaishi hui qidai
Woo
Neixin shen chu woo
Woo
Na tiao lu woo
Woo
Jiang hui tong wang he chu woo
Woo
Neixin shen chu woo
Woo
Na tiao lu woo
Woo
Yexu tong wang ri chu woo"
110,Alan Walker,Hero (VIP Mix),,2023,"May 19, 2023","Been here before, it's in my muscle memory
I'm pretty sure I recognize you
There is somethin' in your eyes
Won't let you get away tonight
You leave me in the dark
I'm stumblin' around like I'm a question mark
Wonderin' if you're around to catch me if I fall
If I come crashin' to the wall
Will you light me up, jump-start my heart?
I need someone before the sun goes down
Who's gonna save me now?
Some kind of hero
I can't breathe
Hopin' you'rе here to rescuе me
Before the sun goes down
Who's gonna save me now?
Some kind of hero
Some kind of hero
Some kind of hero
Been here before, it's in my muscle memory
I'm pretty sure I've felt this energy
There's somethin' in your touch
Somethin' reminded me of us
Will you light me up, jump-start my heart?
I need someone before the sun goes down
Who's gonna save me now?
Some kind of hero
I can't breathe
Hopin' you're here to rescue me
Before the sun goes down
Who's gonna save me now?
Some kind of hero
Some kind of hero
Some kind of hero"
111,Alan Walker,"Alone, Pt. II (Toby Romeo Remix)",,2020,"February 28, 2020","We were young, posters on the wall
Praying we're the ones that the teacher wouldn't call
We would stare at each other
'Cause we were always in trouble
And all the cool kids did their own thing
I was on the outside always looking in
Yeah, I was there but I wasn't
They never really cared if I wasn't
We all need that someone who gets you like no one else
Right when you need it the most
We all need a soul to rely on, a shoulder to cry on
A friend through the highs and the lows
I'm not gonna make it a-la, la-la-la-la-la, la, la-la-la-la-la, 'lone
I'm not gonna make it a-la, la-la-la-la-la, la, la-la-la-la-la, 'lone
I'm not gonna make it a-la, la-la-la-la-la, la, la-la-la-la-la...
I'm not gonna make it alone
La-la-la-la-la, la, la-la-la-la-la, 'lone
La-la-la-la-la, 'lone
La-la-la-la-la, la, la-la-la-la-la, 'lone
La-la-la-la-la, 'lone
La-la-la-la-la, la, la-la-la-la-la, 'lone
La-la-la-la-la, 'lone
La-la-la-la-la, la, la-la-la-la-la, 'lone
La-la-la-la-la
Then I saw your face, your forgiving eyes
Looking back at me from the other side
Like you understood me
And I'm never letting you go, oh
We all need that someone who gets you like no one else
Right when you need it the most
We all need a soul to rely on, a shoulder to cry on
A friend through the highs and the lows
I'm not gonna make it a-la, la-la-la-la-la, la, la-la-la-la-la, 'lone
I'm not gonna make it a-la, la-la-la-la-la, la, la-la-la-la-la, 'lone
I'm not gonna make it a-la, la-la-la-la-la, la, la-la-la-la-la...
I'm not gonna make it alone
La-la-la-la-la, la, la-la-la-la-la, 'lone
La-la-la-la-la, 'lone
La-la-la-la-la, la, la-la-la-la-la, 'lone
La-la-la-la-la, 'lone
La-la-la-la-la, la, la-la-la-la-la, 'lone
La-la-la-la-la, 'lone
La-la-la-la-la, la, la-la-la-la-la, 'lone
La-la-la-la-la, 'lone"
112,Alan Walker,Faded (DJ 2Skoopz Remix),,2016,"April 15, 2016","You were the shadow to my light
Did you feel us?
Another star, you fade away
Afraid our aim is out of sight
Wanna see us alight
Where are you now?
Where are you now?
Where are you now?
Was it all in my fantasy?
Where are you now?
Were you only imaginary?
Where are you now?
Atlantis, under the sea, under the sea
Where are you now? Another dream
The monster's running wild inside of me
I'm faded, I'm faded
So lost, I'm faded, I'm faded
So lost, I'm faded
These shallow waters never met what I needed
I'm letting go, a deeper dive
Eternal silence of the sea
I'm breathing, alive
Where are you now?
Where are you now?
Under the bright but faded lights
You set my heart on fire
Where are you now?
Where are you now?
Where are you now?
Atlantis, under the sea, under the sea
Where are you now? Another dream
The monster's running wild inside of me
I'm faded, I'm faded
So lost, I'm faded, I'm faded
So lost, I'm faded"
113,Alan Walker,Faded (Slowed Remix),,2022,"July 15, 2022","You were the shadow to my light
Did you feel us?
Another star, you fade away
Afraid our aim is out of sight
Wanna see us alight
Where are you now?
Where are you now?
Where are you now?
Was it all in my fantasy?
Where are you now?
Were you only imaginary?
Where are you now?
Atlantis, under the sea, under the sea
Where are you now? Another dream
The monster's running wild inside of me
I'm faded, I'm faded
So lost, I'm faded, I'm faded
So lost, I'm faded
Thеse shallow waters nevеr met what I needed
I'm letting go, a deeper dive
Eternal silence of the sea
I'm breathing, alive
Where are you now?
Where are you now?
Under the bright but faded lights
You set my heart on fire
Where are you now?
Where are you now?
Where are you now?
Atlantis, under the sea, under the sea
Where are you now? Another dream
The monster's running wild inside of me
I'm faded, I'm faded
So lost, I'm faded, I'm faded
So lost, I'm faded"
114,Alan Walker,Diamond Heart (Albert Vishi Remix),,2019,"August 2, 2019","If I had a diamond heart, oh, oh
I'd  give you all my love if I was unbreakable
If  I had a diamond heart, oh, oh
You could shoot me with a gun of gold
If I was unbreakable
Hello,  sweet grief
I  know you'll be the death of me
Feel like the morning after ecstasy
I  am drowning in an endless sea
Hello, old friend
Here's the misery that knows no end
So I'm doing everything I can
To  make sure I never love again
I wish that I did not know
Where all broken lovers go
I wish that my heart was made of stone
Yeah, if I was bulletproof
I'd love you black and blue
If I was solid like a jewel
If I had a diamond heart, oh, oh
I'd give you all my love if I was unbreakable
If I had a diamond heart, oh, oh
You could shoot me with a gun of gold
If I was unbreakable
If I had a diamond heart
I'd give you all my love
If I had a diamond heart
You could shoot me with a gun of gold
If I was unbreakable
Goodbye, so long
I don't know if this is right or wrong
Am I giving up where I belong?
'Cause every station's playing our song
Goodbye, my love
You are everything my dreams made up
You'll be Prince and I'm the crying dove
If I only were unbreakable
I wish that I did not know
Where all broken lovers go
I wish that my heart was made of stone
Yeah, if I was bulletproof
I'd love you black and blue
If I was solid like a jewel
I'd walk straight through the bullet
Bendin' like a tulip, blue-eyed and foolish
Never mind the bruises
Into the fire, breakin' through the wires
Give you all I've got
(If I had a diamond heart)
I'd walk straight through the dagger
Never break the pattern
Diamonds don't shatter, beautiful and battered
Into the poison, cry you an ocean
Give you all I've got
I'd walk straight through the bullet
Bendin' like a tulip, blue-eyed and foolish
Never mind the bruises
Into the fire, breakin' through the wires
Give you all I've got
(If I had a diamond heart)
I'd walk straight through the dagger
Never break the pattern
Diamonds don't shatter, beautiful and battered
Into the poison, cry you an ocean
Give you all I've got
If I had a diamond heart, oh, oh
I'd give you all my love if I was unbreakable
If I had a diamond heart, oh, oh
You could shoot me with a gun of gold
If I was unbreakable"
115,Alan Walker,Fire of the Soul,,2012,"October 16, 2012","Music is love
Music is hope
Music is life
Music is fire of the soul
Fire of the soul
Music is love
Music is hope
Music is life
Music is fire of the soul
Music is love
Music is hope
Music is life
Music is love
Music is hope
Music is life
Music is fire of the soul
Music is love
Music is hope
Music is life"
116,Alan Walker,Alone (Alex Arcoleo Remix),,2017,"March 3, 2017","Lost in your mind
I wanna know
Am I losing my mind?
Never let me go
If this night is not forever
At least we are together
I know I'm not alone
I know I'm not alone
Anywhere, whenever
Apart, but still together
I know I'm not alone
I know I'm not alone
I know I'm not alone
I know I'm not alone
Unconscious mind
I'm wide awake
Wanna feel one last time
Take my pain away
If this night is not forever
At least we are together
I know I'm not alone
I know I'm not alone
Anywhere, whenever
Apart, but still together
I know I'm not alone
I know I'm not alone
I know I'm not alone
I know I'm not alone
I'm not alone, I'm not alone, I'm not alone
I know I'm not alone
I'm not alone, I'm not alone, I'm not alone
I know I'm not alone"
117,Alan Walker,Faded (Paul Gannon Remix),,2016,"March 16, 2016","You were the shadow to my light
Did you feel us?
Another star, you fade away
Afraid our aim is out of sight
Wanna see us alight
Where are you now?
Where are you now?
Where are you now?
Where are you now?
Where are you now?
Where are you now?
Where are you now?
Where are you now?
Where are you now?
Where are you now?
These shallow waters never met what I needed
I'm letting go, a deeper dive
Eternal silence of the sea
I'm breathing, alive
Where are you now?
Where are you now?
Where are you now?
Where are you now?
Where are you now?
Where are you now?
Where are you now?
Where are you now?
Where are you now?
Where are you now?"
118,Alan Walker,"Alone, Pt. II (Mio Remix)",,2020,"February 28, 2020","We were young, posters on the wall
Praying we're the ones that the teacher wouldn't call
We would stare at each other
'Cause we were always in trouble
And all the cool kids did their own thing
I was on the outside always looking in
Yeah, I was there but I wasn't
They never really cared if I wasn't
We all need that someone who gets you like no one else
Right when you need it the most
We all need a soul to rely on, a shoulder to cry on
A friend through the highs and the lows
I'm not gonna make it a-la, la-la-la-la-la, la, la-la-la-la-la, 'lone
I'm not gonna make it a-la, la-la-la-la-la, la, la-la-la-la-la, 'lone
Then I saw your face, your forgiving eyes
Looking back at me from the other side
Like you understood me
And I'm never letting you go, oh
We all need that someone who gets you like no one else
Right when you need it the most
We all need a soul to rely on, a shoulder to cry on
A friend through the highs and the lows
I'm not gonna make it a-la, la-la-la-la-la, la, la-la-la-la-la, 'lone
I'm not gonna make it a-la, la-la-la-la-la, la, la-la-la-la-la, 'lone
I'm not gonna make it alone"
119,Alan Walker,Diamond Heart (Dzeko Remix),,2018,"November 3, 2018","Hello, sweet grief
I know you'll be the death of me
Feel like the morning after ecstasy
I am drowning in an endless sea
Hello, old friend
Here's the misery that knows no end
So I'm doing everything I can
To make sure I never love again
I wish that I did not know
Where all broken lovers go
I wish that my heart was made of stone (made of stone)
Yeah, if I was bulletproof
I'd love you black and blue
If I was solid like a jewel
If I had a diamond heart, oh, oh
I'd give you all my love if I was unbreakable
If I had a diamond heart, oh, oh
You could shoot me with a gun of gold
If I was unbreakable
Goodbye, so long
I don't know if this is right or wrong
Am I giving up where I belong?
'Cause every station's playing our song
Goodbye, my love
You are everything my dreams made up
You'll be Prince and I'm the crying dove
If I only were unbreakable
I wish that I did not know (ooh)
Where all broken lovers go (ooh-ooh)
I wish that my heart was made of stone
(I wish that my heart was made of stone)
Yeah, if I was bulletproof
I'd love you black and blue
If I was solid like a jewel
If I had a diamond heart, oh oh
I'd give you all my love if I was unbreakable
If I had a diamond heart, oh oh
You could shoot me with a gun of gold
If I was unbreakable
I...
La-la-la-la-la-la-la-la-la-la-la-la-la-la-la-la
La-la-la-la-la-la-la-la-la-la-la-la-la-la-la-la
La-la-la-la-la-la-la-la
La-la-la-la-la-la-la-la
La-la-la-la-la-la-la-la
La-la-la-la-la-la-la-la"
120,Alan Walker,Rituals,,2022,2022,"The original wonderful song ruined by MER Recordings for a new trash song which doesn’t even have Julie or Jamie in it. This song was originally leaked at a concert in mid september. It was set to release…
Your eyes, alight in flames
Like lights along the way
The beautiful ones light up the world
So we don't feel invisible
When I'm made for all, not unbreakable
We're all lost in the night
Love is chemical, hearts all flammable
When we turn off the lights
The ritual fires
They light up and guide us
Shining inside us
Calling all la-la la
The ritual fires
The falling of triumphs
A beautiful riot
In all of us, la-la la-la-la
Oh oh-oh-oh oh-oh
Oh oh-oh oh-oh
Oh-oh-oh
Oh oh-oh-oh oh-oh
They light up and guide us
The ritual fires
Oh-oh-oh
The lights call up our name
Tonight we're all the same
And we are the sun, light up the world
The darkness is doing some ritual
When I'm made for all, not unbreakable
We're just lost in the night
Love is chemical, hearts all flammable
So just turn off the lights (Ah-ah-ah-ah)
The ritual fires
They light up and guide us
Shining like diamonds
Calling all la-la la
The ritual fires
The falling of triumphs
A beautiful riot
In all of us, la-la la-la-la
Oh oh-oh-oh oh-oh
Oh oh-oh oh-oh
Oh-oh-oh
Oh oh-oh-oh oh-oh
They light up and guide us
The ritual fires
Oh-oh-oh"
121,Alan Walker,Hero (Restrung),,2023,"May 12, 2023","Been here before, it's in my muscle memory
I'm pretty sure, I recognize you
There is something in your eyes
Won't let you get away tonight
You leave me in the dark
I'm stumbling around like I'm a question mark
Wondering if you're around to catch me if I fall
If I come crashing to the wall
Will you light me up, jumpstart my heart?
I need someone, before the sun goes down
Who's gonna save me now?
Some kind of hero
I can't breathe
Hoping you're here to rescue me
Before the sun goes down
Who's gonna save me now?
Some kind of hero
Been here before, it's in my muscle memory
I'm pretty sure I felt this energy
There's something in your touch
Something reminded me of us
Will you light me up, jumpstart my heart?
I need someone, before the sun goes down
Who's gonna save me now?
Some kind of hero
I can't breathe
Hoping you're here to rescue me
Before the sun goes down
Who's gonna save me now?
Some kind of hero"
122,Alan Walker,Alone (Nightcore Remix),,2016,"December 3, 2016","Lost in your mind
I wanna know
Am I losing my mind?
Never let me go
If this night is not forever
At least we are together
I know I'm not alone
I know I'm not alone
Anywhere, whenever
Apart, but still together
I know I'm not alone
I know I'm not alone
I know I'm not alone
I know I'm not alone
Unconscious mind
I'm wide awake
Wanna feel one last time
Take my pain away
If this night is not forever
At least we are together
I know I'm not alone
I know I'm not alone
Anywhere, whenever
Apart, but still together
I know I'm not alone
I know I'm not alone
I know I'm not alone
I know I'm not alone
I'm not alone, I'm not alone, I'm not alone
I know I'm not alone
I'm not alone, I'm not alone, I'm not alone
I know I'm not alone"
123,Alan Walker,Faded (Slushii Remix),,2016,"April 29, 2016","You were the shadow to my light, did you feel us?
Another star, you fade away
Afraid our aim is out of sight, wanna see us
Alight
Where are you now?
Where are you now?
Where are you now?
Where are you now?
Where are you now?
Was it all in my fantasy?
Where are you now?
Were you only imaginary?
Where are you now? Atlantis
Under the sea, under the sea
Where are you now? Another dream
The monster's running wild inside of me
I'm faded, I'm faded
(So lost) I'm faded
I'm faded
(So lost) I'm faded
I'm faded
Where are you now?
These shallow waters never met what I needed
I'm letting go, a deeper dive
Eternal silence of the sea, I'm breathing
Alive
Where are you now?
Where are you now?
Under the bright but faded lights
You set my heart on fire
Where are you now?
Where are you now?
Where are you now?
Was it all in my fantasy?
Where are you now?
Were you only imaginary?
Where are you now? Atlantis
Under the sea, under the sea
Where are you now? Another dream
The monster's running wild inside of me
I'm faded, I'm faded
(So lost) I'm...
I'm fa...
(So lost) I'm fa-aded
I'm faded
(So lost) Where are you now?"
124,Alan Walker,All Falls Down (Mark Villa Remix),,2017,"December 1, 2017","What's the trick? I wish I knew
I'm so done with thinking through
All the things I could've been
And I know you wonder too
All it takes is that one look you do and I run right back to you
You cross the line and it's time to say ""F"" you
What's the point in saying that
When you know how I'll react?
You think you can just take it back
But shit just don't work like that
You're the drug that I'm addicted to, and I want you so bad
Guess I'm stuck, with you, and that's that
'Cause when it all falls down, then whatever
When it don't work out for the better
If it just ain't right, and it's time to say goodbye
When it all falls down, when it all falls down
I'll be fine
When it all falls down
I'll be fine
I'll be fine
You're the drug that I'm addicted to
And I want you so bad, but I'll be fine (fine, fine, fine)
Why we fight? I don't know
We say what hurts the most
Oh, I tried staying cold, but you take it personal
All these firing shots and making ground
It's way too hard to cope, but I still can't let you go (go, go)
'Cause when it all falls down, then whatever
When it don't work out for the better
If it just ain't right, and it's time to say goodbye
When it all falls down, when it all falls down
I'll be fine
I'll be fine"
125,Alan Walker,World of Walker: Rise of the Drones,,2025,"June 27, 2025","Oh I see that night where I can't sleep alone
I'm scared to wake up in a world I don't know
I tried to run, no I just can't escape
But if you were here, then you could scare these nightmares away"
126,Alan Walker,The Spectre (Sped Up Remix),,2022,"July 22, 2022","Hello, hello, can you hear me as I scream your name?
Hello, hello, do you need me before I fade away?
Is this the place that I call home
To find what I've become?
Walk along the path unknown
We live, we love, we lie
Deep in the dark I don't need the light
There's a ghost inside me
It all belongs to the other side
We live, we love, we lie (We live, we love, we lie)
Hello, hello, nice to meet you, voice inside my head
Hello, hello, I believe you, how can I forget?
Is this the place that I call home
To find what I've become?
Walk along the path unknown
We live, we love, we lie
Deep in the dark, I don't need the light
There's a ghost inside me
It all belongs to the other side
We live, we love, we lie (We live, we love, we lie)
We live, we love, we lie"
127,Alan Walker,Welcome To The Lonely Club,,,,"When you feel knocked down so yellow and blue
Are your scared that no one's going to come for you
When it feels like you're drowning, lucid dreaming
Hold your breath let it flow let me guide you through the world
Thinking through highs and thinking through lows
You don't need to call it up if you don't feel like one
Don't need a hi cause I already know
Just know you're not alone
Welcome to the lonely club
Hiding only shadows of the night
But no one's here I know where did we go
Running running running into the wall
Just no one always besides so where did we go
Where did we go
Where did we go
Welcome to the lonely club"
128,Alan Walker,Faded (Young Bombs Remix),,2016,"April 29, 2016","You were the shadow to my light, did you feel us?
Another star, you fade away
Afraid our aim is out of sight, wanna see us
Alight
Where are you now?
Where are you now?
Where are you now?
Was it all in my fantasy?
Where are you now?
Were you only imaginary?
Where are you now? Atlantis
Under the sea, under the sea
Where are you now? Another dream
The monster's running wild inside of me
I’m faded
So lost, I'm faded
I'm faded
So lost, I’m faded
These shallow waters never met what I needed
I'm letting go, a deeper dive
Eternal silence of the sea, I'm breathing
Alive
Where are you now?
Where are you now?
Under the bright but faded lights
You set my heart on fire
Where are you now?
Where are you now?
Where are you now? Atlantis
Under the sea, under the sea
Where are you now? Another dream
The monster's running wild inside of me
I'm faded
So lost, I'm faded
I'm faded
So lost, I'm faded
I’m faded
So lost, I’m faded
I'm faded
So lost, I’m faded"
129,Alan Walker,Heading Home (Live at Château de Fontainebleau),,2020,"April 15, 2020","I was so insatiable
Till the lights came on
And the stories got old
Now there's no one here I know
And the city outside's
Not the same anymore
And I
I remember when we were young
We'd write our names in the sand, so carelessly
Then the rain came and yours was gone
And now mine, it stands alone
Nobody sees me
Now, I'm a one man show
I'll do this on my own
We knew it all then
Now, this is all I know
Guess I'm heading home now
Ooh-ooh, ooh-ooh (yeah)
Ooh-ooh, ooh-ooh
Ooh-ooh, ooh-ooh
Yes, I'm heading home now
Ooh-ooh, ooh-ooh
Ooh-ooh, ooh-ooh
Ooh-ooh, ooh-ooh
Yes, I'm heading home now
And the music always played
With the sound of our lives
And the sweetest escape
And the neighbors would complain
We would turn it up louder
Who cares anyway?
'Cause we
We remember that we were young
Our lives were grains in the sand
That we made our castles and kingdoms of
Now the waves have torn them down
Nobody sees me
Now, I'm a one man show
Ooh-ooh, ooh-ooh (yeah)
Ooh-ooh, ooh-ooh
Ooh-ooh, ooh-ooh
Yes, I'm heading home now
Ooh-ooh, ooh-ooh
Ooh-ooh, ooh-ooh
Ooh-ooh, ooh-ooh
Yes, I'm heading home now
You'll find me
I'll be here, oh
I can't see
I can't breathe anymore
But how could we have stayed?
You were high on love
I was drunk
Drunk on the pain
Ooh-ooh, ooh-ooh (ooh)
Ooh-ooh, ooh-ooh (yes, I'm heading)
Ooh-ooh, ooh-ooh (I'm heading, I'm heading)
I'm heading home
Ooh-ooh, ooh-ooh (mmh-hm)
Ooh-ooh, ooh-ooh
Ooh-ooh, ooh-ooh
Yes, I'm heading home now"
130,Alan Walker,Alone (Sped Up Remix),,2022,"July 22, 2022","Lost in your mind
I wanna know
Am I losing my mind?
Never let me go
If this night is not forever
At least we are together
I know I'm not alone
I know I'm not alone
Anywhere, whenever
Apart, but still together
I know I'm not alone
I know I'm not alone
I know I'm not alone
I know I'm not alone
Unconscious mind
I'm wide awake
Wanna feel one last time
Take my pain away
If this night is not forever
At least we are together
I know I'm not alone
I know I'm not alone
Anywhere, whenevеr
Apart, but still together
I know I'm not alone
I know I'm not alonе
I know I'm not alone
I know I'm not alone
I'm not alone, I'm not alone, I'm not alone
I know I'm not alone
I'm not alone, I'm not alone, I'm not alone
I know I'm not alone"
131,Alan Walker,All Falls Down (Jay Pryor Remix),,2017,"December 1, 2017","What's the trick? I wish I knew
I'm so done with thinking through
All the things I could've been
And I know you wonder too
All it takes is that one look you do and I run right back to you
You cross the line and it's time to say ""F"" you
What's the point in saying that
When you know how I'll react?
You think you can just take it back
But shit just don't work like that
You're the drug that I'm addicted to, and I want you so bad
Guess I'm stuck, with you, and that's that
'Cause when it all falls down, then whatever
When it don't work out for the better
If it just ain't right, and it's time to say goodbye
When it all falls down, when it all falls down
I'll be fine (fine)
I'll be fine (fine)
I'll be fine (fine)
I'll be fine (fine, fine, fine, fine)
Why we fight? I don't know
We say what hurts the most
Oh, I tried staying cold, but you take it personal
All these firing shots and making ground
It's way too hard to cope, but I still can't let you go
'Cause when it all falls down, then whatever
When it don't work out for the better
If it just ain't right, and it's time to say goodbye
When it all falls down, when it all falls down
I'll be fine (fine)
I'll be fine (fine)
I'll be fine (fine)
I'll be fine (fine, fine, fine, fine)
'Cause when it all falls down, then whatever (then whatever baby)
When it don't work out for the better (for the better)
If it just ain't right (just ain't right), and it's time to say goodbye
When it all falls down (when it all falls down), when it all falls down (when it all falls down)
I'll be fine (fine)
I'll be fine (fine)
I'll be fine (fine, fine, fine)
I'll be fine (ill be fine)
You're the drug that I'm addicted to, and I want you so bad
But I'll be fine
I'll be fine
And that's that"
132,Alan Walker,Alone (Blazars Remix),,2017,"March 3, 2017","Lost in your mind
I wanna know
Am I losing my mind?
Never let me go
If this night is not forever
At least we are together
I know I'm not alone
I know I'm not alone
Anywhere, whenever
Apart, but still together
I know I'm not alone
I know I'm not alone
I know I'm not alone
I know I'm not alone
Unconscious mind
I'm wide awake
Wanna feel one last time
Take my pain away
If this night is not forever
At least we are together
I know I'm not alone
I know I'm not alone
Anywhere, whenever
Apart, but still together
I know I'm not alone
I know I'm not alone
I know I'm not alone
I know I'm not alone
I'm not alone, I'm not alone, I'm not alone
I know I'm not alone
I'm not alone, I'm not alone, I'm not alone
I know I'm not alone"
133,Alan Walker,"Alone, Pt. II (NIVIRO Remix)",,2020,"February 28, 2020","We were young, posters on the wall
Praying we're the ones that the teacher wouldn't call
We would stare at each other
'Cause we were always in trouble
And all the cool kids did their own thing
I was on the outside always looking in
Yeah, I was there but I wasn't
They never really cared if I wasn't
We all need that someone who gets you like no one else
Right when you need it the most
We all need a soul to rely on, a shoulder to cry on
A friend through the highs and the lows
(I'm not gonna make it a-)
(Make it, make it alone)
(Make it, make it alone)
(La, la-la-la-la-la, 'lone)
(La, la-la-la-la-la, la, la-la-la-la-la, 'lone)
'Cause you are that someone that gets me like no one else
Right when I need it the most
And I'll be the one you rely on, a shoulder to cry on
A friend through the highs and the lows
I'm not gonna make it a-la, la-la-la-la-la, la, la-la-la-la-la, 'lone
I'm not gonna make it a-la, la-la-la-la-la, la, la-la-la-la-la, 'lone
(I'm not gonna make it a-)
(Make it, make it alone)
(Make it, make it alone)"
134,Alan Walker,Ritual (Old Version),,2022,"November 26, 2022","So tired of being alone
My heart, can’t find its home
Breathe in and out
I count to ten
Cos In the darks where the light gets in
Then you came along
I knew I belonged
Dancing there in your arms
Something chemical
Crazy beautiful
Bodies sway in the dark
The ritual fire
Burning inside us
There’s no way to fight it
When we go la la la
A ritual fire
So deep in desire
There’s no way to hide it
When we go la la la
La la la ah
Is burning inside us
The ritual firе
La la la
Your name lies on my lips
The hеat on my fingertips
Breath in and out
I count to ten
Here with you I feel born again
You, came along
Knew, I belonged
Dancing there in your arms
Something chemical
Crazy, beautiful
Bodies sway in the dark
The ritual fire
Burning inside us
There’s no way to fight it
When we go la la la
A ritual fire
So deep in desire
There’s no way to hide it
When we go la la la
La la la ah
Is burning inside us
The ritual fire
La la la"
135,Alan Walker,Club Leclerc (Racers Mix),,2024,"August 7, 2024","Leclerc, Leclerc
Leclerc, Leclerc, Lec—
Leclerc, Leclerc
Leclerc, Leclerc, Lec—
( to the max)"
136,Alan Walker,Tired (Kovan & Alex Skrindo Remix),,2017,"July 14, 2017","I see those tears in your eyes
I feel so helpless inside
Oh love, there's no need to hide
Just let me love you when your heart is tired
Cold hands, red eyes
Packed your bags at midnight
They've been there for weeks
I don't know what came by me
Just roll up a cigarette
Just forget about this mess
Been waiting on the sidelines
From the sidelines
I see those tears in your eyes
And I feel so helpless inside
Oh love, there's no need to hide
Just let me love you when your heart is tired
If your ghost pulls you apart
And it feels like you've lost who you are
My love, there's no need to hide
Just let me love you when your heart is tired
Just let me love you when your heart is tired
Just let me love you when your heart is tired
When you whisper, I'm alright
But I see through your white lies
But these walls don’t talk
And if they could, they’d say
Can't hide the secrets
You can't forget about this mess
I'm waiting on the sidelines
From the sidelines
Just let me love you when your heart is tired
If your ghost pulls you apart
And it feels like you've lost who you are
My love, there's no need to hide
Just let me love you when your heart is tired
Just let me love you when your heart is tired
Just let me love you when your heart is tired
Those tears in your eyes
So helpless inside
There's no need to hide
Let me love you when your heart is tired"
137,Alan Walker,The Spectre (Slowed Remix),,2023,"September 16, 2023","Hello, hello, can you hear me as I scream your name?
Hello, hello, do you need me before I fade away?
Is this the place that I call home
To find what I've become?
Walk along the path unknown
We live, we love, we lie
Deep in the dark I don't need the light
There's a ghost inside me
It all belongs to the other side
We live, we love, we lie (We live, we love, we lie)
Hello, hello, nice to meet you, voice inside my head
Hello, hello, I believe you, how can I forget?
Is this the place that I call home
To find what I've become?
Walk along the path unknown
We live, we love, we lie
Deep in the dark, I don't need the light
There's a ghost inside me
It all belongs to the other side
We live, we love, we lie (We live, we love, we lie)
We live, we love, we lie"
138,Alan Walker,All Falls Down (Todd Edwards Remix),,2017,"December 1, 2017","What's the trick? I wish I knew
I'm so done with thinking through
All the things I could've been
And I know you wonder too
All it takes is that one look you do and I run right back to you
You cross the line and it's time to say ""F"" you
What's the point in saying that
When you know how I'll react?
You think you can just take it back
But shit just don't work like that
You're the drug that I'm addicted to, and I want you so bad
Guess I'm stuck, with you, and that's that
'Cause when it all falls down, then whatever
When it don't work out for the better
If it just ain't right, and it's time to say goodbye
When it all falls down, when it all falls down
When it all falls down, then whatever
When it don't work out for the better
If it just ain't right, and it's time to say goodbye
When it all falls down, when it all falls down
I'll be fine
Why we fight? I don't know
We say what hurts the most
Oh, I tried staying cold, but you take it personal
All these firing shots and making ground
It's way too hard to cope, but I still can't let you go
'Cause when it all falls down, then whatever
When it don't work out for the better
If it just ain't right, and it's time to say goodbye
When it all falls down, when it all falls down
When it all falls down, then whatever
When it don't work out for the better
If it just ain't right, and it's time to say goodbye
When it all falls down, when it all falls down
I'll be fine
I'll be fine
I'll be fine
I'll be fine (fine, fine, fine)"
139,Alan Walker,Aviation Movie - Level 1,,2021,"May 29, 2021","Welcome To The Aviation Game
Meet Your AVI-8 Drone
MISSION : Navigate To Safety Using Your Arms to Fly the Drone
Avoid To Abstacles to Gain Access to Level 2
Good Luck, Walker!
***I Don’t Wanna Go***
So here we are
Like we were two feet apart
In different worlds
No need to say another word
No, I should leave
But I don’t wanna go just yet
‘Cause I’m not really over it
You remind my heart
Of a lie, I wish you never told
But it’s all I’ve got
Just five more minutes and I’ll go
Same old song like an echo
‘Cause I know I’m better off alone
It hurts my pride, and I really know
I shouldn’t stay, but I don’t wanna go
You remind my heart
Of a lie, I wish you never told
But it’s all I’ve got
Just five more minutes and I’ll go
Same old song like an echo
‘Cause I know I’m better off alone
It hurts my pride, and I really know
I shouldn’t stay, but I don’t wanna go
Just five more minutes and I’ll go
I don’t wanna go..
More Obstacles Incoming!
*** Ignite ***
Fireflies, a million little pieces
Feeds the dying light
And brings me back to life
In your eyes
I see something to believe in
Your hands are like a flame
Your palms’ the sweetest pain
Let the darkness lead us into the light
Let our dreams get lost
Feel the temperature rise
Baby, tell me one more beautiful lie
One touch and I ignite
Like a starship speeding into the night
You and I get lost in the infinite lights
Baby, tell me one more beautiful lie
One touch and I ignite
One touch and I ignite
One touch and I ignite
So alive, your touch is like the daylight
Burning on my skin, it turns me on again
You and I, survivors of the same kind
But we’re the only ones dancing on the sun
Let the darkness lead us into the light
Let our dreams get lost
Feel the temperature rise
Baby, tell me one more beautiful lie
One touch and I ignite
Like a starship speeding into the night
You and I get lost in the infinite lights
Baby, tell me one more beautiful lie
One touch and I ignite
One touch and I ignite
One touch and I ignite
Warning: Low Energy! Status: Critical
Mission Failure Imminent
Generate Power to Restore Your Drone’s Full Function!
Contact Walker #0 For Immediate Support
The AVI-8 Drone is Down! We Need All Your Energy
To Get Back in Aviation and Leave The Ground
Put Your Phone in the Air and Share Your Energy
Come On, Everyone
Let the darkness lead us into the light
Let our dreams get lost
Feel the temperature rise
Baby, tell me one more beautiful lie
One touch and I ignite
I feel the heat as we collide
Like a fever that feels so right
So baby, tell me one more beautiful lie
One touch and I ignite
One touch and I ignite
One touch and I ignite
One touch and I ignite
One touch and I ignite
One touch and I ignite
Improve Your Navigation Skills To Collect More Points
Objectives are Within Reach
You’re Almost there
Systems Stabalized
***Tired***
I see those tears in your eyes
I feel so helpless inside
Oh love, there’s no need to hide
Just let me love you
When your heart is tired
Cold hands, red eyes
Packed your bags at midnight
They’ve been there for weeks
You don’t know what goodbye means
Just roll up a cigarette
Just forget about this mess
Waiting on the sidelines
From the sidelines
I see those tears in your eyes
And I feel so helpless inside
Oh love, there’s no need to hide
Just let me love you
When your heart is tired
If your ghost pulls you up high
And it feels like you’ve lost who you are
My love, there’s no need to hide
Just let me love you
When your heart is tired
Just let me love you
Just let me love you
Just let me love you
Just let me love you
When your heart is tired
I see those tears in your eyes
I feel so helpless inside
Oh love, there’s no need to hide
Just let me love you
When your heart is tired
Just let me love you
Just let me love you
Just let me love you
When your heart is tired
All Systems Are Stabilized
Calculating Points
***All Falls Down***
What’s the trick?
I wish I knew
I’m so done with thinking through
All the things I could’ve been
And I know you want me, too
All it takes is that one look at you
And I run right back to you
You cross that line
And it’s time to say Fuck** you
What’s the point in saying that
When you know how I’ll react?
You think you can just take it back
But shit just don’t work like that
You’re the drug that I’m addicted to
And I want you so bad
Guess I’m stuck with you, and that’s that
‘Cause when it all falls down, then whatever
When it don’t work out for the better
If it just ain’t right
And it’s time to say goodbye
When it all falls down
When it all falls down
I’ll be fine
I’ll be fine
You’re the drug that I’m addicted to
And I want you so bad, but I’ll be fine
Why we fight? I don’t know
We say what hurts the most
Oh, I tried staying cold
But you take it personal
All these firing shots and making ground
It’s way too hard to cope
But I still can’t let you go
‘Cause when it all falls down, then whatever
When it don’t work out for the better
If it just ain’t right
And it’s time to say goodbye
When it all falls down
When it all falls down
I’ll be fine
I’ll be fine
You’re the drug that I’m addicted to
And I want you so bad
But I’ll be fine
I’ll be fine, fine, fine
Fine, fine, fine, fine, fine
I’ll be fine, fine, fine
Fine, fine, fine, fine, fine
I’ll be fine, fine, fine
Fine, fine, fine, fine, fine
I’ll be fine, fine, fine
Fine, fine, fine, fine, fine
‘Cause when it all falls down, then whatever
When it don’t work out for the better
If it just ain’t right
And it’s time to say goodbye
When it all falls down
When it all falls down
I’ll be fine
I’ll be fine
You’re the drug that I’m addicted to
And I want you so bad
But I’ll be fine
I’ll be fine
Level 1 Complete
Congratulations. Walker!
You Are Now A Certified AVI-8 Drone Pilot
When Disabled, The Drone is Concealed in a Small Metal Unit
Launch the Drone To Activate
AVI-8 Drone Enabled
Proceed To The Next Level
Good Luck, Walker!"
140,Alan Walker,Ignite (Nightcore Remix),,2018,"May 12, 2018","Fireflies, a million little pieces
Feeds the dying light, and breathes me back to life
In your eyes, I see something to believe in
Your hands are like a flame
Your palms the sweetest pain
Let the darkness lead us into the light
Let our dreams get lost, feel the temperature rise
Baby, tell me one more beautiful lie
One touch and I ignite
Like a starship speeding into the night
You and I get lost in the infinite lights
Baby, tell me one more beautiful lie
One touch and I ignite
One touch and I ignite
One touch and I ignite
So alive, your touch is like the daylight
Burning on my skin, it turns me on again
You and I, survivors of the same kind
And we're the only ones
Dancing on the sun
Let the darkness lead us into the light
Let our dreams get lost, feel the temperature rise
Baby, tell me one more beautiful lie
One touch and I ignite
Like a starship speeding into the night
You and I get lost in the infinite lights
Baby, tell me one more beautiful lie
One touch and I ignite
One touch and I ignite
One touch and I ignite
Diamonds are forever, but all we need is just tonight
We're monumental tremors that can freeze the speed of life
Just like particles that's falling from heaven all over the stars
Hear you calling for me
Hear you calling me on from afar
Let the darkness lead us into the light
Let our dreams get lost, feel the temperature rise
Baby, tell me one more beautiful lie
One touch and I ignite
I feel the heat as we collide
Like a fever that feels so right
So baby, tell me one more beautiful lie
One touch and I ignite
One touch and I ignite
One touch and I ignite
One touch and I ignite
One touch and I ignite
One touch and I ignite"
141,Alan Walker,"Alone, Pt. II (Alex Skrindo & Sebastian Wibe Remix)",,2020,"February 28, 2020","We were young, posters on the wall
Praying we're the ones that the teacher wouldn't call
We would stare at each other
'Cause we were always in trouble
And all the cool kids did their own thing
I was on the outside always looking in
Yeah, I was there but I wasn't
They never really cared if I wasn't
We all need that someone who gets you like no one else
Right when you need it the most
We all need a soul to rely on, a shoulder to cry on
A friend through the highs and the lows
I'm not gonna make it alone
I'm not gonna make it al-
I'm not gonna make it al-
Then I saw your face, your forgiving eyes
Looking back at me from the other side
Like you understood me
And I'm never letting you go, oh
We all need that someone who gets you like no one else
Right when you need it the most
We all need a soul to rely on, a shoulder to cry on
A friend through the highs and the lows
I'm not gonna make it alone
I'm not gonna make it al-
I'm not gonna make it alone"
142,Alan Walker,Tired (Lemarroy Remix),,2017,"July 14, 2017","I see those tears in your eyes
I feel so helpless inside
Oh love, there's no need to hide
Just let me love you when your heart is tired
Cold hands, red eyes
Packed your bags at midnight
They've been there for weeks
I don't know what came by me
Just roll up a cigarette
Just forget about this mess
Been waiting on the sidelines
From the sidelines
I see those tears in your eyes
And I feel so helpless inside
Oh love, there's no need to hide
Just let me love you when your heart is tired
If your ghost pulls you apart
And it feels like you've lost who you are
My love, there's no need to hide
Just let me love you when your heart is tired
Just let me love you when your heart is tired
Just let me love you when your heart is tired
When you whisper, I'm alright
But I see through your white lies
But these walls don’t talk
And if they could, they’d say
Can't hide the secrets
You can't forget about this mess
I'm waiting on the sidelines
From the sidelines
I see those tears in your eyes
And I feel so helpless inside
Oh love, there's no need to hide
Just let me love you when your heart is tired
If your ghost pulls you apart
And it feels like you've lost who you are
My love, there's no need to hide
Just let me love you when your heart is tired
Just let me love you when your heart is tired
Just let me love you when your heart is tired"
143,Alan Walker,Not You (Restrung Performance),,2023,"August 17, 2023","In my life, in my mind
Where I make up stories all the time
And I pretend that I am not someone
Left to face the world alone
Lately I'm not the same
I've found a stranger calling out my name
Have a feeling you would be so proud
And he's gon' need me now
But he's not you
He's not you
He will never be you
But he's not you
He's not you
He will never be you
Photobook with my mistakes
Promises that we never got to makе
All the things I wanna talk about
Hard to say it to myself
Wintertimе, once again
In the snow I can see just where I've been
How far I've made it in the world so cold
Where I have everything
But he's not you
He's not you
He will never be you
But he's not you
He's not you
He will never be you"
144,Alan Walker,Fake a Smile (R3HAB Remix),,2021,"March 19, 2021","You and I up all night
Nothing’s wrong nothing’s right
I swear these walls are upside down
I swear the roof is on the ground
Demons don’t sleep at night
Oh, oh, oh
I try to turn off my mind
Say I'm doing just fine
But I'm screaming inside like
Say these words on repeat
While I'm tryin' to breathe
Now you're counting on me
So I fake a smile
But I know you know me too well
But it's alright
You're like heaven when I'm in hell
So I fake a smile
You were their heavy heart
Tasted light but fed the dark
I’m waiting for them all to see
I don’t deserve your company
To love myself is way too hard
Oh, oh, oh
I try to turn off my mind
Say I'm doing just fine
But I'm screaming inside like
Say these words on repeat
While I'm tryin' to breathe
Now you're counting on me
So I fake a smile
But I know you know me too well
But it's alright
You're like heaven when I'm in hell
So I fake a smile"
145,Alan Walker,"Better off (Alone, Pt. III) [Timmy Trumpet Remix]",,2023,"December 22, 2023","This could be a good night for good times
And you look like a good time
We're dancing to dancing in the moonlight
Now I want you bad, can you make me feel better?
This could be a good night for good times
And you look like a good time
We're dancing to dancing in the moonlight
Now I want you bad, can you make me feel better?
Do you think you're better off alone?
I think you better come along
Can you make me feel better?
Can you make me feel better?
This could be a good night for good times
And you look like a good time
We're dancing to dancing in the moonlight
Now I want you bad, can you make me feel better?
This could be a good night for good times
And you look like a good time
We're dancing to dancing in the moonlight
Now I want you bad, can you make me feel better?
Do you think you're better off alone?
I think you better come along
So if you think you're better off alone
I think you better come along
Can you make me feel better?
Can you make me feel better?
Do you think you're better off alone? (Alone, alone, alone, alone?)
I think you better come along (Along, along, along, along)
This could be a good night for good times
And you look like a good time
We're dancing to dancing in the moonlight
Now I want you bad, can you make me feel better?
Do you think you're better off alone? (Alone, alone, alone?)
I think you better come along (Along, along, along)"
146,Alan Walker,Alone (Parx Remix),,2017,"March 3, 2017","Lost in your mind
I wanna know
Am I losing my mind?
Never let me go
If this night is not forever
At least we are together
I know I'm not alone
I know I'm not alone
Anywhere, whenever
Apart, but still together
I know I'm not alone
I know I'm not alone
I know I'm not alone
I know I'm not alone
Unconscious mind
I'm wide awake
Wanna feel one last time
Take my pain away
If this night is not forever
At least we are together
I know I'm not alone
I know I'm not alone
Anywhere, whenever
Apart, but still together
I know I'm not alone
I know I'm not alone
I know I'm not alone
I know I'm not alone
I'm not alone, I'm not alone, I'm not alone
I know I'm not alone
I'm not alone, I'm not alone, I'm not alone
I know I'm not alone"
147,Alan Walker,Diamond Heart (Slowed Remix),,2022,"July 15, 2022","Hello, sweet grief
I know you'll be the death of me
Feel like the mornin' after ecstasy
I am drownin' in an endless sea
Hello, old friend
Here's the misery that knows no end
So I'm doin' everything I can
To make sure I never love again
I wish that I did not know
Where all broken lovers go
I wish that my heart was made of stone
Yeah, if I was bulletproof (Yeah)
I'd love you black and blue (Blue)
If I was solid like a jewеl
If I had a diamond heart, oh-oh
I'd give you all my love
If I was unbrеakable
If I had a diamond heart, oh-oh
You could shoot me with a gun of gold
If I was unbreakable
I'd walk straight through the bullet, bendin' like a tulip
Blue-eyed and foolish, never mind the bruises
Into the fire, breakin' through the wires
Give you all I've got (If I had a diamond heart)
I'd walk straight through the dagger, never break the pattern
Diamonds don't shatter, beautiful and battered
Into the poison, cry you an ocean
Give you all I've got
Goodbye, so long
I don't know if this is right or wrong
Am I givin' up where I belong?
'Cause every station's playin' our song
Goodbye, my love
You are everything my dreams made up
You'll be Prince and I'm the cryin' dove
If I only were unbreakable (Hey)
I wish that I did not know (Ooh)
Where all broken lovers go (Ooh)
I wish that my heart was made of stone
(I wish that my heart was made of stone)
Yeah, if I was bulletproof
I'd love you black and blue
If I was solid like a jewel
If I had a diamond heart, oh-oh
I'd give you all my love
If I was unbreakable
If I had a diamond heart, oh-oh
You could shoot me with a gun of gold
If I was unbreakable
I'd walk straight through the bullet, bendin' like a tulip
Blue-eyed and foolish, never mind the bruises
Into the fire, breakin' through the wires
Give you all I've got (If I had a diamond heart)
I'd walk straight through the dagger, never break the pattern
Diamonds don't shatter, beautiful and battered
Into the poison, cry you an ocean
Give you all I've got
La-la-la-la-la, la-la-la-la-la-la
La-la-la-la-la-la, la-la-la-la-la
La-la-la-la-la, la-la-la-la-la-la
I'd give you all my love (I'd give you)
If I was unbreakable
La-la-la-la-la, la-la-la-la-la-la
You could shoot me with a gun of gold (You could shoot me)
If I was unbreakable
I'd walk straight through the bullet
Bendin' like a tulip, blue-eyed and foolish
Never mind the bruises
Into the fire, breakin' through the wires
Give you all I got (If I had a diamond heart)
I'd walk straight through the dagger, never break the pattern
Diamonds don't shatter, beautiful and battered
Into the poison, cry you an ocean
Give you all I've got"
148,Alan Walker,Darkside (Sped up Remix),,2022,"July 22, 2022","(D-D-Darkside)
We're not in love
We share no stories
Just somethin' in your eyes
Don't be afraid
The shadows know me
Let's leave the world behind
Take me through the night
Fall into the darkside
We don't need the light
We'll live on the darkside
I see it, let's feel it
While we're still young and fearless
Let go of the light
Fall into the darkside
Fall into the darkside
Give in to the darkside
Let go of the light
Fall into the darkside
Beneath the sky
As black as diamonds
We're runnin' out of time (Time, time)
Don't wait for truth
To come and blind us
Let's just believe their lies
Believe it, I see it
I know that you can feel it
No secrets worth keepin'
So fool me like I'm dreamin'
Take me through the night
Fall into the darkside
We don't need the light
We'll live on the darkside
I see it, let's feel it
While we're still young and fearless
Let go of the light
Fall into the darkside
Fall into the darkside
Give in to the darkside
Let go of the light
Fall into the darkside
(D-D-Darkside)
(Darkside)
(Darkside)
(Darkside)
Take me through the night
Fall into the darkside
We don't need the light
We'll live on the darkside
I see it, let's feel it
While we're still young and fearless
Let go of the light
Fall into the darkside"
149,Alan Walker,Heading Home Demo (xGames Oslo 2016),,2022,"November 25, 2022","I don't know which way to go
When it’s dark outside and I can't say no more
Try to fight the world alone
I am lost in silence and nobody knows
Then I, I remember when we were young
Our lives were grains in the sand
Together we, we will conquer them one by one
But tonight I stand alone
Nobody sees me now I'm a one man show
I’ll do this alone
We knew it all, but right now I just don't know
Guess I'm heading home now
Now I know, I couldn't stay
Had a million words didn't know what to say
When I gave my soul to take
And the devil took it, I faded away
But I, still remember when we were young
Our lives were grains in the sand
And we, we will conquer them one by one
But tonight I stand alone
Nobody sees me now I'm a one man show
I'll do this alone
We knew it all, but right now I just don't know
Guess I’m heading home now"
150,Alan Walker,Sweet Dreams (With Alok),,2021,"July 16, 2021","Beat, ba-ba-ba-dum-dum
Ba-ba-ba-dum-dum
Beat, ba-ba-ba-dum-dum
You're like the mist in the morning
You're a moment, body warming
I can't resist where you're going
Make me an ocean, overflow it
Sweet dreams of your love
Keeping me up, can't get enough
Sweet dreams of your touch
Do what you want, just keep it up
To the rhythm of the beat
Ba-ba-ba-dum-dum
Ba-ba-ba-dum-dum
Beat, ba-ba-ba-dum-dum
Ba-ba-ba
To the rhythm of the beat
Ba-ba-ba-dum-dum
Ba-ba-ba-dum-dum
Beat, ba-ba-ba-dum-dum
Ba-ba-ba-dum-dum
Waves, as they're roll in
As they're growing, can't control 'em
Caught in a haze up on the ceiling
You got me feeling, I must be dreaming
Sweet dreams of your love
Keeping me up, can't get enough
Sweet dreams of your touch
Do what you want, just keep it up
To the rhythm of the beat
Ba-ba-ba-dum-dum
Ba-ba-ba-dum-dum
Beat, ba-ba-ba-dum-dum
To the rhythm of the beat
Ba-ba-ba-dum-dum
Ba-ba-ba-dum-dum
Beat, ba-ba-ba-dum-dum
Ba-ba-ba
To the rhythm of the beat
Ba-ba-ba-dum-dum
Ba-ba-ba-dum-dum
Beat, ba-ba-ba-dum-dum
Ba-ba-ba-dum-dum
Sweet dreams of your love
Keeping me up, can't get enough
Sweet dreams of your touch
Do what you want, just keep it up
To the rhythm of the beat
Ba-ba-ba-dum-dum
Ba-ba-ba-dum-dum
Beat, ba-ba-ba-dum-dum
Ba-ba-ba
To the rhythm of the beat
Ba-ba-ba-dum-dum
Ba-ba-ba-dum-dum
Beat, ba-ba-ba-dum-dum
Ba-ba-ba-dum-dum"
151,Alan Walker,Alone (Restrung),,2016,"December 2, 2016","Lost in your mind
I wanna know
Am I losing my mind?
Never let me go
If this night is not forever
At least we are together
I know I'm not alone
I know I'm not alone
Anywhere, whenever
Apart, but still together
I know I'm not alone
I know I'm not alone
I know I'm not alone
I know I'm not alone
Unconscious mind
I'm wide awake
Wanna feel one last time
Take my pain away
If this night is not forever
At least we are together
I know I'm not alone
I know I'm not alone
Anywhere, whenevеr
Apart, but still together
I know I'm not alone
I know I'm not alonе
I know I'm not alone
I know I'm not alone
I'm not alone, I'm not alone, I'm not alone (I know I'm not alone)
I'm not alone, I'm not alone
I know I'm not alone"
152,Alan Walker,"Better Off (Alone, Pt. III) (D-Block & S-te-Fan Remix)",,2023,"October 27, 2023","This could be a good night for good times
And you look like a good time
We're dancing to dancing in the moonlight
Now I want you bad, can you make me feel better?
This could be a good night for good times
And you look like a good time
We're dancing to dancing in the moonlight
Now I want you bad, can you make me feel better?
Do you think you're better off alone?
I think you better come along
Can you make me feel better?
This could be a good night for good times
And you look like a good time
We're dancing to dancing in the moonlight
Now I want you bad, can you make me feel bеtter?
Do you think you're bettеr off alone?
I think you better come along
So if you think you're better off alone
I think you better come along
Do you think you're better off alone?
I think you better come along
Do you think you're better off alone?
I think you better come along
Along, along"
153,Alan Walker,Alone (George Kwali Remix),,2017,"March 3, 2017","Lost in your mind
I wanna know
Am I losing my mind?
Never let me go
If this night is not forever
At least we are together
I know I'm not alone
I know I'm not alone
Anywhere, whenever
Apart, but still together
I know I'm not alone
I know I'm not alone
I know I'm not alone
I know I'm not alone
Unconscious mind
I'm wide awake
Wanna feel one last time
Take my pain away
If this night is not forever
At least we are together
I know I'm not alone
I know I'm not alone
Anywhere, whenever
Apart, but still together
I know I'm not alone
I know I'm not alone
I know I'm not alone
I know I'm not alone
I'm not alone, I'm not alone, I'm not alone
I know I'm not alone
I'm not alone, I'm not alone, I'm not alone
I know I'm not alone"
154,Alan Walker,Give Me Hope [V5.1],,2023,2023,"It hurt so much that I can never say I'm sorry
A thousand miles and there was nothing out there for me
Say you're gonna wait for me
Say you're gonna wait for me, wait for me now
Are you gonna wait for me
Are you gonna wait for me, wait for me now
Give me hope
It’s everything I need, drive within these four walls
Give me hope
No, I don't wanna leave the place I used call home
Just give me hope
Give me hope, give me hope, just give me hope
Give me hope, give me hope, just give me hope
Broken pictures tell me I never deserved you
Said I moved on but darling I just don't know how to
So I'm gonna wait for you
So I'm gonna wait for you, wait for you now
Yeah I'm gonna wait for you
Find another way and we'll get there somehow, yeah
Give me hope
It’s everything I need, drive within these four walls
Give me hope
No, I don't wanna leave the place I used call home
Just give me hope
Give me hope, give me hope, just give me hope
Give me hope, give me hope, just give me hope"
155,Alan Walker,Alone (Jack Wins Remix),,2017,"March 3, 2017","Lost in your mind
I wanna know
Am I losing my mind?
Never let me go
If this night is not forever
At least we are together
I know I'm not alone
I know I'm not alone
Anywhere, whenever
Apart, but still together
I know I'm not alone
I know I'm not alone
I know I'm not alone
I know I'm not alone
Unconscious mind
I'm wide awake
Wanna feel one last time
Take my pain away
If this night is not forever
At least we are together
I know I'm not alone
I know I'm not alone
Anywhere, whenever
Apart, but still together
I know I'm not alone
I know I'm not alone
I know I'm not alone
I know I'm not alone
I'm not alone, I'm not alone, I'm not alone
I know I'm not alone
I'm not alone, I'm not alone, I'm not alone
I know I'm not alone"
156,Alan Walker,Sing Me To Sleep (Nightcore Remix),,2016,"July 7, 2016","Wait a second, let me catch my breath
Remind me how it feels to hear your voice
Your lips are movin', I can't hear a thing
Livin' life as if we had a choice
Anywhere, anytime
I would do anything for you
Anything for you
Yesterday got away
Melodies stuck inside your head
A song in every breath
Sing me to sleep now
Sing me to sleep
Won't you sing me to sleep now?
Sing me to sleep
Remember me now, time cannot erase
I can hear your whispers in my mind
I've become what you cannot embrace
Our memory will be my lullaby
Sing me to sleep now
Sing me to sleep
Oh, won't you sing me to sleep now?
Sing me to sleep
A-anytime
I would do do do do
Time away
Yesterday-day
A-anytime
I would do do do do
Time away
Yesterday-day-ay-ay-ay"
157,Alan Walker,Tired (Alan Walker Remix),,2017,"July 21, 2017","I see those tears in your eyes
I feel so helpless inside
Oh love, there's no need to hide
Just let me love you when your heart is tired
Cold hands, red eyes
Packed your bags at midnight
They’ve been there for weeks
I don't know what came by me
Just roll up a cigarette
Just forget about this mess
Been waiting on the sidelines
From the sidelines
I see those tears in your eyes
And I feel so helpless inside
Oh love, there's no need to hide
Just let me love you when your heart is tired
If your ghost pulls you apart
And it feels like you’ve lost who you are
My love, there's no need to hide
Just let me love you when your heart is tired
When you whisper, I'm alright
But I see through your white lies
But these walls don't talk
And if they could, they'd say
Can't hide the secrets
You can't forget about this mess
I'm waiting on the sidelines
From the sidelines
I see those tears in your eyes
And I feel so helpless inside
Oh love, there’s no need to hide
Just let me love you when your heart is tired
If your ghost pulls you apart
And it feels like you’ve lost who you are
My love, there's no need to hide
Just let me love you when your heart is tired"
158,Alan Walker,Faded (W&W Festival Mix),,2020,"August 24, 2020","You were the shadow to my light
Did you feel us?
Another star, you fade away
Afraid our aim is out of sight
Wanna see us alight
Where are you now?
Where are you now?
Where are you now?
Was it all in my fantasy?
Where are you now?
Were you only imaginary?
Where are you now?
Atlantis, under the sea, under the sea
Where are you now? Another dream
The monster's running wild inside of me
I'm faded, I'm faded
So lost, I'm faded, I'm faded
So lost, I'm faded
So lost, I'm faded
So lost, I'm faded, I'm faded
So lost, I'm faded
These shallow waters never met what I needed
I'm letting go, a deeper dive
Eternal silence of the sea
I'm breathing, alive
Where are you now?
Where are you now?
Under the bright but faded lights
You set my heart on fire
Where are you now?
Where are you now?
Where are you now-now-now-now?
Atlantis-tis-tis-tis, under the sea-ea-ea, under the sea-ea-ea
Where-Where are you now-now-now-now? Another dre- tlanti-ti-ti-ti-
The wild-wild-wild inside of me
I'm faded, I'm faded
So lost, I'm faded, I'm faded
So lost, I'm faded
So lost, I'm faded
So lost, I'm faded, I'm faded
I'm faded
I'm faded
So lost, I'm fa-faded, faded, faded
So lost, I'm faded"
159,Alan Walker,Who I Am (Acapella),,2024,"February 29, 2024","Don't say this, don't say that
I'm not playin' by the rules
If they were made by you
I won't break just like that
I'll make my own mistakes
'Til I'm wrong in all the right ways
Save all your tears
You don't wanna waste them on me
I'm not gonna be just like them
This is just the way that I am
Head in the clouds
I do not fit in to the crowd
Baby, it's all makin' perfect sense
'Cause this is who I am
Who I am
Don't say this, don't say that
I'm not playin' by the rules
If they were made by you
I won't break just like that
I'll make my own mistakes
'Til I'm wrong in all the right ways
Save all your tears
You don't wanna waste them on me
I'm not gonna be just like them
This is just the way that I am
Head in the clouds
I do not fit in to the crowd
Baby, it's all makin' perfect sense
'Cause this is who I am
Who I am
If only I was wide awake
There's more than I can take
And when you dive into the blue
I'll be right next to you
I never wanna miss a thing
We fall in love again
You know I may hold on to June
'Cause all that you go through
I'm with you
Eh-eh-eh-eh-eh-eh-eh
Eh-eh-eh-eh-eh-eh-eh
Eh-eh-eh-eh-eh-eh-eh
'Cause all that you go through, I'm—
Eh-eh-eh-eh-eh-eh-eh (With you)
Eh-eh-eh-eh-eh-eh-eh (Oh, woah)
Eh-eh-eh-eh-eh-eh-eh
'Cause all that you go through
I'm with you"
160,Alan Walker,Who I Am (Feel Koplo Dangdut Remix),,2024,"February 29, 2024","(Ooh-oh-ooh)
(Ooh-oh-ooh)
Don't say this, don't say that
I'm not playing by the rules
If they were made by you
I won't break just like that
I'll make my own mistakes
'Till I'm wrong in all right ways
Save all your tears
You don't wanna waste them on me
I'm not gonna be just like them
This is just the way that I am
Head in the clouds
I do not fit in to the crowd
Baby, it's all making perfect sense
'Cause this is who I am
Who I am (Euy)
(Ha, ha, ha, ha, ha, ha, ha, euy)
(Ha, ha, ha, ha, ha, ha, ha, euy)
Don't say this, don't say that
I'm not playing by the rules
If they were made by you
I won't break just like that
I'll make my own mistakes
'Till I'm wrong in all right ways
[Chorus: Putri Ariani,
Peder Elias & Putri Ariani
Save all your tears
You don't wanna waste thеm on me
I'm not gonna be just like thеm
This is just the way that I am
Head in the clouds
I do not fit in to the crowd
Baby, it's all making perfect sense
'Cause this is who I am
Who I am (Euy)
(Ha, ha, ha, ha, ha, ha, ha, euy)
(Ha, ha, ha, ha, ha, ha, ha, euy)
(Ha, ha, ha, ha, ha, ha, ha, euy)
(Ha, ha, ha, ha, ha, ha, ha)
If only I was wide awake
There's more than I can take
And when you dive into the blue
I'll be right next to you
I never wanna miss a thing
We fall in love again
You know I may hold on to June
'Cause all that you go through I'm with you, (Euy–)
[Outro: Putri Ariani,
Peder Elias & Putri Ariani
Peder Elias
Eh-eh-eh-eh-eh-eh-eh
Eh-eh-eh-eh-eh-eh-eh
Eh-eh-eh-eh-eh-eh-eh
'Cause all that you go through, I'm—
Eh-eh-eh-eh-eh-eh-eh (
With you
Eh-eh-eh-eh-eh-eh-eh (
Oh, woah
Eh-eh-eh-eh-eh-eh-eh
'Cause all that you go through
I'm with you"
161,Alan Walker,Man On The Moon (Slowed Remix),,2022,"July 15, 2022","What happens in dreams where we fly?
Never been as high as tonight
Staring through a window in time
For someone to show me what I'm like
He said, ""Hello"", it's like a mirror in the sky
And I can see us from up high
Oh boy, we're looking good tonight
And I just don't understand
I met the man on the moon
On the moon, I heard him saying
I met the man on the moon
On the moon, we'll be okay, yeah
I met the man on the moon
On the moon, I heard him saying
I met the man on the moon
On the moon, we'll be okay, yeah
He said, ""Hello"", it's like a mirror in the sky
And I can see us from up high
Oh boy, we're looking good tonight
And I just don't understand
I met the man on the moon
On the moon, I heard him saying
I met the man on the moon
On the moon, we'll be okay, yeah
I met the man on the moon
On the moon, I heard him saying
I met the man on the moon
On the moon, we'll be okay, yeah
I met the man on the moon, he wore his hat to the side
I met the man on the moon, he asked if I had a light
He told us to hold it together when falling apart
He told us to light up the world when we dream in the dark
I met the man on the moon (I met the man on the moon)
On the moon, I heard him saying (I met the man)
I met the man on the moon
On the moon, we'll be okay, yeah
Lost, all my tears are turning to dust
Maybe somebody is calling us
(Man)
Man on the moon, yeah
Just the man on the moon"
162,Alan Walker,Fake a Smile (K-391 Remix),,2021,"March 19, 2021","You and I up all night
Nothing’s wrong nothing’s right
I swear these walls are upside down
I swear the roof is on the ground
Demons don’t sleep at night
Oh, oh, oh
I try to turn off my mind
Say I'm doing just fine
But I'm screaming inside like (Oh)
Say these words on repeat
While I'm tryin' to breathe
Now you're counting on me
So I fake a smile
You were their heavy heart
Tasted light but fed the dark
I’m waiting for them all to see
I don’t deserve your company
To love myself is way too hard
Oh, oh, oh
I try to turn off my mind
Say I'm doing just fine
But I'm screaming inside like (Oh)
Say thеse words on repeat
Whilе I'm tryin' to breathe
Now you're counting on me
So I fake a smile
So I fake a smile
But I know you know me too well
But it's alright
You're like heaven when I'm in hell
No sleep, no sleep
It's alright, it's alright
No sleep, no sleep
So I fake a smile
But I know you know me too well
But it's alright
You're like heaven when I'm in hell
So I fake a smile
But I know you know me too well
But it's alright
You're like heaven when I'm in hell
So I fake a smile
So I fake a smile
But I know you know me too well
But it's alright
You're like heaven when I'm in hell"
163,Alan Walker,I Don’t Wanna Go (China Demo),,2022,"November 25, 2022","So here we are
Like before
Nothing changed
No love in you
Got all the things
For attitude?
know I should leave?
But I don't wanna go just yet
I don't wanna go just yet
I don't wanna go just yet
Go just yet
Still looking good
Depress my heart
I feel alive
But in the dark
Another day
We're meant to be
know I should leave?
But I don't wanna go just yet
I don't wanna go just yet
I don't wanna go just yet
Go just yet"
164,Alan Walker,Shut Up (Music Play Remix),,2022,"November 18, 2022","You're miserable inside your mind (oh my, oh my)
Been dancing circles 'round your eyes (oh my, oh my)
It's stepping on the dreams of everyone you meet
This stupid mess will get you high
Why don't you just shut up
I'm telling you we've had enough of
You and all your bullshit
We've heard it all before
Why don't you just shut up
I know you got to come but somewhat
I got you wanna f**k us
You can't hurt us anymore
Why don't you just-
Why don't you just shut up
Why don't you just shut up
I wonder what happened to you (oh my, oh my)
To make you wanna spin the truth (all night, all night)
You sink your teeth
Insult the injury we watch
Your high horse running on the loose
Why don't you just shut up
I'm telling you we've had enough of
You and all your bullshit
We've heard it all before
Why don't you just shut up
I know you got to come but somewhat
I got you wanna f**k us
You can't hurt us anymore
Why don't you just-
Why don't you just shut up
Why don't you just shut up
Why don't you please
Why don't you just shut up"
165,Alan Walker,Diamond Heart (Nightcore Remix),,2018,"September 28, 2018","Hello, sweet grief
I know you'll be the death of me
Feel like the morning after ecstasy
I am drowning in an endless sea
Hello, old friend
Here's the misery that knows no end
So I'm doing everything I can
To make sure I never love again
I wish that I did not know
Where all broken lovers go
I wish that my heart was made of stone
Yeah, if I was bulletproof
I'd love you black and blue
If I was solid like a jewel
If I had a diamond heart, oh, oh
I'd give you all my love if I was unbreakable
If I had a diamond heart, oh, oh
You could shoot me with a gun of gold
If I was unbreakable
I'd walk straight through the bullet
Bendin' like a tulip, blue-eyed and foolish
Never mind the bruises
Into the fire, breakin' through the wires
Give you all I've got
(If I had a diamond heart)
I'd walk straight through the dagger
Never break the pattern
Diamonds don't shatter, beautiful and battered
Into the poison, cry you an ocean
Give you all I've got
Goodbye, so long
I don't know if this is right or wrong
Am I giving up where I belong?
'Cause every station's playing our song
Goodbye, my love
You are everything my dreams made up
You'll be Prince and I'm the crying dove
If I only were unbreakable
I wish that I did not know (Ooh)
Where all broken lovers go (Ooh)
I wish that my heart was made of stone
(I wish that my heart was made of stone)
Yeah, if I was bulletproof
I'd love you black and blue
If I was solid like a jewel
If I had a diamond heart, oh oh
I'd give you all my love if I was unbreakable
If I had a diamond heart, oh oh
You could shoot me with a gun of gold
If I was unbreakable
I'd walk straight through the bullet
Bendin' like a tulip, blue-eyed and foolish
Never mind the bruises
Into the fire, breakin' through the wires
Give you all I've got
(If I had a diamond heart)
I'd walk straight through the dagger
Never break the pattern
Diamonds don't shatter, beautiful and battered
Into the poison, cry you an ocean
Give you all I've got
La-la-la-la-la-la-la-la-la-la-la-la-la-la-la-la
This is the story
La-la-la-la-la-la-la-la
I'd give you all my love (I'd give you)
If I was unbreakable
La-la-la-la-la-la-la-la
You could shoot me with a gun of gold (You could shoot)
If I was unbreakable
I'd walk straight through the bullet
Bendin' like a tulip, blue-eyed and foolish
Never mind the bruises
Into the fire, breakin' through the wires
Give you all I got (If I had a diamond heart)
I'd walk straight through the dagger
Never break the pattern
Diamonds don't shatter, beautiful and battered
Into the poison, cry you an ocean
Give you all I've got"
166,Alan Walker,Sweet Dreams (Brooks Remix),,2021,"July 16, 2021","Beat, ba-ba-ba-dum-dum
Ba-ba-ba-dum-dum
Beat, ba-ba-ba-dum-dum
You're like the mist in the morning
You're a moment, body warming
I can't resist where you're going
Make me an ocean, overflow it
Sweet dreams of your love
Keeping me up, can't get enough
Sweet dreams of your touch
Do what you want, just keep it up
To the rhythm of the beat
Ba-ba-ba-dum-dum
Ba-ba-ba-dum-dum
Beat, ba-ba-ba-dum-dum
Ba-ba-ba
To the rhythm of the beat
Ba-ba-ba-dum-dum
Beat, ba-ba-ba-dum-dum
Beat, ba-ba-ba-dum-dum
Beat, ba-ba-ba-dum-dum
To the rhythm of the
To the rhythm of the beat, beat
To the rhythm of the beat, beat
Bеat, ba-ba-ba-dum-dum
Ba-ba-ba-dum-dum
Waves, as they're roll in
As thеy're growing, can't control 'em
Caught in a haze up on the ceiling
You got me feeling, I must be dreaming
Sweet dreams of your love
Keeping me up, can't get enough
Sweet dreams of your touch
Do what you want, just keep it up
To the rhythm of the beat
Ba-ba-ba-dum-dum
Ba-ba-ba-dum-dum
Beat, ba-ba-ba-dum-dum
Ba-ba-ba
To the rhythm of the beat
Ba-ba-ba-dum-dum
Beat, ba-ba-ba-dum-dum
Beat, ba-ba-ba-dum-dum
Beat, ba-ba-ba-dum-dum
To the rhythm of the
To the rhythm of the beat, beat
To the rhythm of the beat, beat
Beat, ba-ba-ba-dum-dum
Ba-ba-ba-dum-dum
Beat, ba-ba-ba-dum-dum"
